-- phpMyAdmin SQL Dump
-- version 4.9.0.1
-- https://www.phpmyadmin.net/
--
-- Host: 127.0.0.1
-- Generation Time: Mar 21, 2021 at 03:31 PM
-- Server version: 10.4.6-MariaDB
-- PHP Version: 7.3.9

SET SQL_MODE = "NO_AUTO_VALUE_ON_ZERO";
SET AUTOCOMMIT = 0;
START TRANSACTION;
SET time_zone = "+00:00";


/*!40101 SET @OLD_CHARACTER_SET_CLIENT=@@CHARACTER_SET_CLIENT */;
/*!40101 SET @OLD_CHARACTER_SET_RESULTS=@@CHARACTER_SET_RESULTS */;
/*!40101 SET @OLD_COLLATION_CONNECTION=@@COLLATION_CONNECTION */;
/*!40101 SET NAMES utf8mb4 */;

--
-- Database: `shree`
--

-- --------------------------------------------------------

--
-- Table structure for table `brand`
--

CREATE TABLE `brand` (
  `id` int(11) NOT NULL,
  `name` varchar(555) NOT NULL,
  `date` timestamp NOT NULL DEFAULT current_timestamp(),
  `user` int(11) NOT NULL
) ENGINE=InnoDB DEFAULT CHARSET=latin1;

--
-- Dumping data for table `brand`
--

INSERT INTO `brand` (`id`, `name`, `date`, `user`) VALUES
(1, 'Vivo', '2020-02-28 15:37:19', 0),
(2, 'Apple', '2020-02-28 15:37:19', 0),
(3, 'MI', '2020-02-28 15:37:34', 0),
(4, 'Nokia', '2020-02-28 15:37:34', 0),
(5, 'Samsung', '2020-02-28 15:37:47', 0),
(6, 'Oppo', '2020-02-28 15:37:47', 0),
(7, 'Karbon', '2020-06-21 14:28:58', 1),
(8, 'Motorola', '2020-06-21 14:30:03', 1),
(9, 'Sony', '2020-06-21 16:01:15', 1),
(10, 'One plus', '2020-09-01 17:29:52', 1),
(11, 'Realme', '2020-09-01 17:51:14', 1),
(13, 'htc', '2020-09-12 07:27:40', 1),
(14, 'tecno', '2020-10-14 15:52:45', 14),
(15, 'ONEPLUS', '2020-11-01 09:44:41', 14),
(16, 'REDMI', '2020-11-01 09:47:08', 14),
(17, 'ITEL', '2020-11-01 10:07:11', 14),
(18, 'MICROMAX', '2020-11-01 11:38:32', 14),
(19, 'TECHNO', '2020-12-28 15:45:44', 14);

-- --------------------------------------------------------

--
-- Table structure for table `ci_sessions`
--

CREATE TABLE `ci_sessions` (
  `id` varchar(40) NOT NULL,
  `ip_address` varchar(45) NOT NULL,
  `timestamp` int(10) UNSIGNED NOT NULL DEFAULT 0,
  `data` blob NOT NULL
) ENGINE=InnoDB DEFAULT CHARSET=utf8mb4;

--
-- Dumping data for table `ci_sessions`
--

INSERT INTO `ci_sessions` (`id`, `ip_address`, `timestamp`, `data`) VALUES
('1tqe8bkquttf81phd468b7anb8gq89e4', '::1', 1616330624, 0x5f5f63695f6c6173745f726567656e65726174657c693a313631363333303632343b),
('2e799lt9p8l55lt3brommb5tiv21040q', '::1', 1616335476, 0x5f5f63695f6c6173745f726567656e65726174657c693a313631363333353437363b75736572446174617c4f3a383a22737464436c617373223a323a7b733a353a2276616c7565223b623a313b733a343a2264617461223b613a31323a7b733a323a226964223b733a313a2231223b733a343a226e616d65223b733a31333a2256696e6f642042656c6f736865223b733a31303a2266697273745f6e616d65223b733a353a2256696e6f64223b733a393a226c6173745f6e616d65223b733a373a2242656c6f736865223b733a363a226d6f62696c65223b733a31303a2232333433343334353534223b733a343a22726f6c65223b733a313a2231223b733a353a22656d61696c223b733a32313a2276696e6f6462656c6f73686540746573742e636f6d223b733a343a2264617465223b733a31393a22313939312d30322d31322030303a30303a3030223b733a333a22646f62223b733a31303a22313939312d30322d3132223b733a363a22737461747573223b733a313a2231223b733a383a22757365726e616d65223b733a353a2276696e6f64223b733a383a2270617373776f7264223b733a383a2276696e6f64313233223b7d7d),
('9bpdt1pvo3b7734u462t943i7ai0v9t3', '::1', 1616334782, 0x5f5f63695f6c6173745f726567656e65726174657c693a313631363333343738323b75736572446174617c4f3a383a22737464436c617373223a323a7b733a353a2276616c7565223b623a313b733a343a2264617461223b613a31323a7b733a323a226964223b733a313a2231223b733a343a226e616d65223b733a31333a2256696e6f642042656c6f736865223b733a31303a2266697273745f6e616d65223b733a353a2256696e6f64223b733a393a226c6173745f6e616d65223b733a373a2242656c6f736865223b733a363a226d6f62696c65223b733a31303a2232333433343334353534223b733a343a22726f6c65223b733a313a2231223b733a353a22656d61696c223b733a32313a2276696e6f6462656c6f73686540746573742e636f6d223b733a343a2264617465223b733a31393a22313939312d30322d31322030303a30303a3030223b733a333a22646f62223b733a31303a22313939312d30322d3132223b733a363a22737461747573223b733a313a2231223b733a383a22757365726e616d65223b733a353a2276696e6f64223b733a383a2270617373776f7264223b733a383a2276696e6f64313233223b7d7d),
('9p50nrvs3bng4j0kcarl3h926pftar96', '::1', 1616332392, 0x5f5f63695f6c6173745f726567656e65726174657c693a313631363333323339323b75736572446174617c4f3a383a22737464436c617373223a323a7b733a353a2276616c7565223b623a313b733a343a2264617461223b613a31323a7b733a323a226964223b733a313a2231223b733a343a226e616d65223b733a31333a2256696e6f642042656c6f736865223b733a31303a2266697273745f6e616d65223b733a353a2256696e6f64223b733a393a226c6173745f6e616d65223b733a373a2242656c6f736865223b733a363a226d6f62696c65223b733a31303a2232333433343334353534223b733a343a22726f6c65223b733a313a2231223b733a353a22656d61696c223b733a32313a2276696e6f6462656c6f73686540746573742e636f6d223b733a343a2264617465223b733a31393a22313939312d30322d31322030303a30303a3030223b733a333a22646f62223b733a31303a22313939312d30322d3132223b733a363a22737461747573223b733a313a2231223b733a383a22757365726e616d65223b733a353a2276696e6f64223b733a383a2270617373776f7264223b733a383a2276696e6f64313233223b7d7d),
('a54bge1br2h8891cu8t39774f512tgl5', '::1', 1616330971, 0x5f5f63695f6c6173745f726567656e65726174657c693a313631363333303937313b75736572446174617c4f3a383a22737464436c617373223a323a7b733a353a2276616c7565223b623a313b733a343a2264617461223b613a31323a7b733a323a226964223b733a313a2231223b733a343a226e616d65223b733a31333a2256696e6f642042656c6f736865223b733a31303a2266697273745f6e616d65223b733a353a2256696e6f64223b733a393a226c6173745f6e616d65223b733a373a2242656c6f736865223b733a363a226d6f62696c65223b733a31303a2232333433343334353534223b733a343a22726f6c65223b733a313a2231223b733a353a22656d61696c223b733a32313a2276696e6f6462656c6f73686540746573742e636f6d223b733a343a2264617465223b733a31393a22313939312d30322d31322030303a30303a3030223b733a333a22646f62223b733a31303a22313939312d30322d3132223b733a363a22737461747573223b733a313a2231223b733a383a22757365726e616d65223b733a353a2276696e6f64223b733a383a2270617373776f7264223b733a383a2276696e6f64313233223b7d7d),
('b33ifh6lt93c9oefo3k195jih39n2t31', '::1', 1616330624, 0x5f5f63695f6c6173745f726567656e65726174657c693a313631363333303632343b),
('cjtso3n3jebra1pl6r70asqu8td64cj5', '::1', 1616334005, 0x5f5f63695f6c6173745f726567656e65726174657c693a313631363333343030353b75736572446174617c4f3a383a22737464436c617373223a323a7b733a353a2276616c7565223b623a313b733a343a2264617461223b613a31323a7b733a323a226964223b733a313a2231223b733a343a226e616d65223b733a31333a2256696e6f642042656c6f736865223b733a31303a2266697273745f6e616d65223b733a353a2256696e6f64223b733a393a226c6173745f6e616d65223b733a373a2242656c6f736865223b733a363a226d6f62696c65223b733a31303a2232333433343334353534223b733a343a22726f6c65223b733a313a2231223b733a353a22656d61696c223b733a32313a2276696e6f6462656c6f73686540746573742e636f6d223b733a343a2264617465223b733a31393a22313939312d30322d31322030303a30303a3030223b733a333a22646f62223b733a31303a22313939312d30322d3132223b733a363a22737461747573223b733a313a2231223b733a383a22757365726e616d65223b733a353a2276696e6f64223b733a383a2270617373776f7264223b733a383a2276696e6f64313233223b7d7d),
('khv138c66l4neu00uvf02iq9fhpqvgnl', '::1', 1616331491, 0x5f5f63695f6c6173745f726567656e65726174657c693a313631363333313439313b75736572446174617c4f3a383a22737464436c617373223a323a7b733a353a2276616c7565223b623a313b733a343a2264617461223b613a31323a7b733a323a226964223b733a313a2231223b733a343a226e616d65223b733a31333a2256696e6f642042656c6f736865223b733a31303a2266697273745f6e616d65223b733a353a2256696e6f64223b733a393a226c6173745f6e616d65223b733a373a2242656c6f736865223b733a363a226d6f62696c65223b733a31303a2232333433343334353534223b733a343a22726f6c65223b733a313a2231223b733a353a22656d61696c223b733a32313a2276696e6f6462656c6f73686540746573742e636f6d223b733a343a2264617465223b733a31393a22313939312d30322d31322030303a30303a3030223b733a333a22646f62223b733a31303a22313939312d30322d3132223b733a363a22737461747573223b733a313a2231223b733a383a22757365726e616d65223b733a353a2276696e6f64223b733a383a2270617373776f7264223b733a383a2276696e6f64313233223b7d7d),
('kigrrd95dbd9r1epuhferpn49i4j15vh', '::1', 1616330624, 0x5f5f63695f6c6173745f726567656e65726174657c693a313631363333303632343b),
('ku8gkbt69tedn4aeubfj0d1s388qem0t', '::1', 1616335476, 0x5f5f63695f6c6173745f726567656e65726174657c693a313631363333353437363b75736572446174617c4f3a383a22737464436c617373223a323a7b733a353a2276616c7565223b623a313b733a343a2264617461223b613a31323a7b733a323a226964223b733a313a2231223b733a343a226e616d65223b733a31333a2256696e6f642042656c6f736865223b733a31303a2266697273745f6e616d65223b733a353a2256696e6f64223b733a393a226c6173745f6e616d65223b733a373a2242656c6f736865223b733a363a226d6f62696c65223b733a31303a2232333433343334353534223b733a343a22726f6c65223b733a313a2231223b733a353a22656d61696c223b733a32313a2276696e6f6462656c6f73686540746573742e636f6d223b733a343a2264617465223b733a31393a22313939312d30322d31322030303a30303a3030223b733a333a22646f62223b733a31303a22313939312d30322d3132223b733a363a22737461747573223b733a313a2231223b733a383a22757365726e616d65223b733a353a2276696e6f64223b733a383a2270617373776f7264223b733a383a2276696e6f64313233223b7d7d),
('q0h75i2v4ahku250m5d43ogqmtku8guq', '::1', 1616333687, 0x5f5f63695f6c6173745f726567656e65726174657c693a313631363333333638373b75736572446174617c4f3a383a22737464436c617373223a323a7b733a353a2276616c7565223b623a313b733a343a2264617461223b613a31323a7b733a323a226964223b733a313a2231223b733a343a226e616d65223b733a31333a2256696e6f642042656c6f736865223b733a31303a2266697273745f6e616d65223b733a353a2256696e6f64223b733a393a226c6173745f6e616d65223b733a373a2242656c6f736865223b733a363a226d6f62696c65223b733a31303a2232333433343334353534223b733a343a22726f6c65223b733a313a2231223b733a353a22656d61696c223b733a32313a2276696e6f6462656c6f73686540746573742e636f6d223b733a343a2264617465223b733a31393a22313939312d30322d31322030303a30303a3030223b733a333a22646f62223b733a31303a22313939312d30322d3132223b733a363a22737461747573223b733a313a2231223b733a383a22757365726e616d65223b733a353a2276696e6f64223b733a383a2270617373776f7264223b733a383a2276696e6f64313233223b7d7d),
('spg49h68rfob0bcfslrj2b962smgng8c', '::1', 1616332701, 0x5f5f63695f6c6173745f726567656e65726174657c693a313631363333323730313b75736572446174617c4f3a383a22737464436c617373223a323a7b733a353a2276616c7565223b623a313b733a343a2264617461223b613a31323a7b733a323a226964223b733a313a2231223b733a343a226e616d65223b733a31333a2256696e6f642042656c6f736865223b733a31303a2266697273745f6e616d65223b733a353a2256696e6f64223b733a393a226c6173745f6e616d65223b733a373a2242656c6f736865223b733a363a226d6f62696c65223b733a31303a2232333433343334353534223b733a343a22726f6c65223b733a313a2231223b733a353a22656d61696c223b733a32313a2276696e6f6462656c6f73686540746573742e636f6d223b733a343a2264617465223b733a31393a22313939312d30322d31322030303a30303a3030223b733a333a22646f62223b733a31303a22313939312d30322d3132223b733a363a22737461747573223b733a313a2231223b733a383a22757365726e616d65223b733a353a2276696e6f64223b733a383a2270617373776f7264223b733a383a2276696e6f64313233223b7d7d),
('ut5479e840itq3ba6g7eb3hdsr1oucev', '::1', 1616331876, 0x5f5f63695f6c6173745f726567656e65726174657c693a313631363333313837363b75736572446174617c4f3a383a22737464436c617373223a323a7b733a353a2276616c7565223b623a313b733a343a2264617461223b613a31323a7b733a323a226964223b733a313a2231223b733a343a226e616d65223b733a31333a2256696e6f642042656c6f736865223b733a31303a2266697273745f6e616d65223b733a353a2256696e6f64223b733a393a226c6173745f6e616d65223b733a373a2242656c6f736865223b733a363a226d6f62696c65223b733a31303a2232333433343334353534223b733a343a22726f6c65223b733a313a2231223b733a353a22656d61696c223b733a32313a2276696e6f6462656c6f73686540746573742e636f6d223b733a343a2264617465223b733a31393a22313939312d30322d31322030303a30303a3030223b733a333a22646f62223b733a31303a22313939312d30322d3132223b733a363a22737461747573223b733a313a2231223b733a383a22757365726e616d65223b733a353a2276696e6f64223b733a383a2270617373776f7264223b733a383a2276696e6f64313233223b7d7d);

-- --------------------------------------------------------

--
-- Table structure for table `color`
--

CREATE TABLE `color` (
  `id` int(11) NOT NULL,
  `name` varchar(255) NOT NULL
) ENGINE=InnoDB DEFAULT CHARSET=utf8mb4;

--
-- Dumping data for table `color`
--

INSERT INTO `color` (`id`, `name`) VALUES
(1, 'Red'),
(2, 'Blue'),
(3, 'Yellow');

-- --------------------------------------------------------

--
-- Table structure for table `contacts`
--

CREATE TABLE `contacts` (
  `id` int(11) NOT NULL,
  `cust_id` int(11) NOT NULL,
  `first_name` varchar(555) NOT NULL,
  `last_name` varchar(555) NOT NULL,
  `email` varchar(555) DEFAULT NULL,
  `contact` varchar(55) NOT NULL,
  `relation` varchar(255) NOT NULL,
  `date` timestamp NOT NULL DEFAULT current_timestamp(),
  `user` int(11) NOT NULL
) ENGINE=InnoDB DEFAULT CHARSET=latin1;

--
-- Dumping data for table `contacts`
--

INSERT INTO `contacts` (`id`, `cust_id`, `first_name`, `last_name`, `email`, `contact`, `relation`, `date`, `user`) VALUES
(1, 1, 'akshay', 'beloshe', '', '34556688788', 'Brother', '2020-02-28 15:25:25', 1),
(2, 1, 'aniket', 'beloshe', '', '67655443333', 'brother', '2020-02-28 15:29:36', 1),
(3, 1, 'Sanchit', 'Sawardekar', '', '9876542151', 'brother', '2020-05-03 12:36:04', 1),
(4, 13, 'vinod', 'beloshe', '', '1232423432', 'friend', '2020-06-27 14:07:51', 1),
(5, 1, 'Kisan', 'satope', '', '2131231231', 'friend', '2020-07-05 09:14:05', 1),
(6, 14, 'prakash', 'shinde', '', '2222222222', 'father', '2020-09-01 17:07:35', 1),
(8, 14, 'vinod', 'beloshe', '', '1111111111', 'friend', '2020-09-13 09:46:03', 1),
(11, 18, 'Sanjay', 'Sawardekar', NULL, '9082651108', 'father', '2020-09-17 08:14:44', 2),
(12, 20, 'SANTOSH', 'GORIWALE', NULL, '7218112418', 'other', '2020-10-13 07:27:05', 14),
(13, 20, 'DEEPAK', 'GHATWAL', NULL, '8879370187', 'friend', '2020-10-13 07:27:53', 14),
(14, 26, 'SAYLI', 'DHUMAK', NULL, '9322304698', 'other', '2020-11-01 08:55:33', 14),
(15, 26, 'RUPALI', 'PADVAL', NULL, '7796701732', 'other', '2020-11-01 08:56:08', 14),
(16, 27, 'JAYESH', 'CHIMAN', NULL, '9987002698', 'brother', '2020-11-01 12:36:33', 14),
(17, 27, 'MADHUKAR', 'CHIMAN', NULL, '8652578293', 'other', '2020-11-01 12:37:07', 14),
(18, 31, 'ANKUSH', 'PANWALKAR', NULL, '8446626375', 'other', '2020-11-01 15:31:01', 14),
(19, 31, 'VISHWANATH', 'CHATAM', NULL, '8459956652', 'friend', '2020-11-01 15:31:42', 14),
(20, 35, 'SHARMILA', 'DHAWDE', NULL, '8422974794', 'mother', '2020-11-02 07:39:04', 14),
(21, 35, 'ABHISHEK', 'GURAV', NULL, '9730247799', 'friend', '2020-11-02 07:39:38', 14),
(22, 36, 'AVINASH', 'KHAIRE', NULL, '8793610839', 'brother', '2020-11-02 11:29:13', 14),
(23, 36, 'MAYUR', 'KHAIRE', NULL, '9145499986', 'brother', '2020-11-02 11:29:31', 14),
(24, 38, 'PRAKASH', 'TUKARUL', NULL, '9819115244', 'friend', '2020-11-03 13:55:12', 14),
(25, 38, 'PRAMOD', 'MANDAVKAR', NULL, '8975976309', 'father', '2020-11-03 13:56:32', 14),
(26, 41, 'MAMTA', 'KALAMBATE', NULL, '7039533816', 'sister', '2020-11-04 13:48:22', 14),
(27, 41, 'AKSHATA', 'KALAMBATE', NULL, '8669490318', 'sister', '2020-11-04 13:49:11', 14),
(28, 45, 'MUKESH', 'KANOJIYA', NULL, '8169585707', 'other', '2020-11-06 10:43:45', 14),
(29, 45, 'POONAM', 'DHOBI', NULL, '9011226803', 'other', '2020-11-06 10:44:15', 14),
(30, 50, 'SURAJ', 'MANDAVKAR', NULL, '9356481271', 'brother', '2020-11-07 16:51:11', 14),
(31, 50, 'JAYSHREE', 'KHERADE', NULL, '9004396297', 'sister', '2020-11-07 16:51:41', 14),
(32, 52, 'MANISHA', 'SHIGVAN', NULL, '8879571953', 'other', '2020-11-08 15:39:31', 14),
(33, 52, 'SITARAM', 'SHIGVAN', NULL, '9892746417', 'father', '2020-11-08 15:40:09', 14),
(34, 53, 'SUPRIYA', 'PACHKUDVE', NULL, '7276735249', 'other', '2020-11-08 16:09:20', 14),
(35, 53, 'SUSHANT', 'PACHKUDVE', NULL, '7721094729', 'other', '2020-11-08 16:09:54', 14),
(36, 56, 'MAHADEV', 'RAMANE', NULL, '9594289302', 'other', '2020-11-08 16:35:05', 14),
(37, 56, 'ANITA', 'BOBLE', NULL, '7506288514', 'mother', '2020-11-08 16:35:44', 14),
(38, 57, 'SHARVARI', 'BHAIP', NULL, '9834142068', 'other', '2020-11-08 16:46:36', 14),
(39, 57, 'AMOL', 'BHAIP', NULL, '9370236606', 'brother', '2020-11-08 16:47:14', 14),
(40, 58, 'Ganesh', 'RAJPUT', NULL, '8855841501', 'other', '2020-11-08 16:59:31', 14),
(41, 58, 'MANOJ', 'RAJPUT', NULL, '7558555844', 'brother', '2020-11-08 17:00:03', 14),
(42, 59, 'RAHUL', 'PETAVE', NULL, '8108651119', 'brother', '2020-11-10 14:52:29', 14),
(43, 59, 'VAISHALI', 'DALAVI', NULL, '7710987779', 'friend', '2020-11-10 14:53:13', 14),
(44, 60, 'AKSHAY', 'JADHAV', NULL, '7040931715', 'other', '2020-11-10 15:07:25', 14),
(45, 60, 'ASHISH(CHINTU KARGIL)', 'GAWADE', NULL, '9373392532', 'friend', '2020-11-10 15:08:10', 14),
(46, 63, 'SANTOSH', 'KAMBLE', NULL, '7276598268', 'other', '2020-11-11 06:58:47', 14),
(47, 63, 'DAKSHATA', 'KAMBLE', NULL, '9767505691', 'other', '2020-11-11 06:59:26', 14),
(48, 65, 'RAJESH', 'DHADAVE', NULL, '9892177147', 'father', '2020-11-11 09:56:26', 14),
(49, 65, 'RAHUL', 'TAMBE', NULL, '8087564429', 'friend', '2020-11-11 09:57:02', 14),
(50, 66, 'RAHUL', 'PETAVE', NULL, '8108651119', 'brother', '2020-11-11 10:14:48', 14),
(51, 68, 'SUCHIT', 'GAMRE', NULL, '7715873713', 'brother', '2020-11-11 11:27:22', 14),
(52, 68, 'VISHAL (pintya dada)', 'KAMBLE', NULL, '9607015114', 'other', '2020-11-11 11:28:01', 14),
(53, 70, 'ROHIT', 'SHIRSATH', NULL, '8390502656', 'other', '2020-11-11 11:42:56', 14),
(54, 70, 'SHARDA', 'MESTRY', NULL, '8976733983', 'brother', '2020-11-11 11:43:36', 14),
(55, 73, 'SHREYASH', 'TAMBE', NULL, '7775063991', 'brother', '2020-11-11 12:27:51', 14),
(56, 73, 'SUNITA', 'TAMBE', NULL, '8007895439', 'mother', '2020-11-11 12:28:18', 14),
(57, 73, 'SUNITA', 'TAMBE', NULL, '8007895439', 'mother', '2020-11-11 12:28:19', 14),
(58, 74, 'SMRUTI', 'KADAM', NULL, '7972044116', 'other', '2020-11-11 15:20:07', 14),
(59, 74, 'PURVESH', 'KADAM', NULL, '9082501042', 'other', '2020-11-11 15:20:36', 14),
(60, 74, 'DEEPALI ', 'KADAM', NULL, '8693805882', 'other', '2020-11-11 15:21:01', 14),
(61, 76, 'ATHARV', 'SURVE', NULL, '7218884972', 'other', '2020-11-11 16:00:40', 14),
(62, 76, 'PRACHI', 'TAWADE', NULL, '9373411703', 'sister', '2020-11-11 16:01:13', 14),
(63, 76, 'ATHAR', 'SURVE', NULL, '7249522411', 'other', '2020-11-11 16:01:38', 14),
(64, 77, 'PRABHAVATI', 'BHADAVALKAR', NULL, '9769587643', 'mother', '2020-11-12 16:42:05', 14),
(65, 77, 'SACHIN', 'GHOGALE', NULL, '9527572650', 'friend', '2020-11-12 16:42:55', 14),
(66, 80, 'MAHADEV', 'PATIL', NULL, '7350693096', 'friend', '2020-11-12 16:58:11', 14),
(67, 80, 'PRANAY', 'ANUBHAVANE', NULL, '8888341293', 'friend', '2020-11-12 16:58:45', 14),
(68, 81, 'MAYUR', 'SALVI', NULL, '7208895267', 'other', '2020-11-12 17:12:14', 14),
(69, 81, 'MANVI', 'SALVI', NULL, '9594189458', 'other', '2020-11-12 17:13:11', 14),
(70, 85, 'SHIVAJI', 'PADAVE', NULL, '8983899270', 'father', '2020-11-19 14:16:51', 14),
(71, 85, 'RAHUL', 'TAMBE', NULL, '8087564429', 'friend', '2020-11-19 14:17:39', 14),
(72, 86, 'VAIBHAV', 'MESTRY', NULL, '8888274233', 'brother', '2020-11-19 14:30:30', 14),
(73, 86, 'SUBHASH', 'MESTRY', NULL, '9527152998', 'father', '2020-11-19 14:31:15', 14),
(74, 91, 'YOGESH', 'GURAV', NULL, '9372082834', 'brother', '2020-11-20 15:23:18', 14),
(75, 91, 'vaibhav', 'Gurav', NULL, '8097766821', 'brother', '2020-11-20 15:23:51', 14),
(76, 93, 'ANUSHKA', 'KADAM', NULL, '8779847715', 'other', '2020-11-21 14:39:52', 14),
(77, 93, 'AMIT', 'MANDAVKAR', NULL, '7218262852', 'friend', '2020-11-21 14:40:21', 14),
(78, 94, 'SANDEEP', 'GORAKHANE', NULL, '9284869354', 'brother', '2020-11-21 14:46:58', 14),
(79, 95, 'RAVINDRA', 'YADAV', NULL, '8090229135', 'brother', '2020-11-21 14:57:17', 14),
(80, 95, 'RAMMILAN', 'YADAV', NULL, '9320720759', 'father', '2020-11-21 14:57:41', 14),
(81, 99, 'PRASAD', 'VELYE', NULL, '9665911685', 'friend', '2020-11-21 15:24:22', 14),
(82, 100, 'NISHA', 'KURADE', NULL, '8552926194', 'other', '2020-11-21 15:34:50', 14),
(83, 100, 'VAISHALI', 'KURADE', NULL, '9545787759', 'friend', '2020-11-21 15:35:24', 14),
(84, 101, 'SURESH', 'BARGODE', NULL, '9028024632', 'father', '2020-11-21 15:52:49', 14),
(85, 101, 'MILIND', 'SHITAP', NULL, '9623040314', 'friend', '2020-11-21 15:53:25', 14),
(86, 103, 'MAHADEV', 'PATADE', NULL, '9594662367', 'father', '2020-11-21 16:02:30', 14),
(87, 103, 'MADHVI', 'PATADE', NULL, '9689654332', 'mother', '2020-11-21 16:03:01', 14),
(88, 105, 'RASHMI', 'GAWADE', NULL, '9850997148', 'mother', '2020-11-21 16:20:04', 14),
(89, 105, 'RAKESH', 'GAWADE', NULL, '8793207044', 'other', '2020-11-21 16:20:35', 14),
(90, 107, 'SNEHA', 'PATIL', NULL, '8149106486', 'other', '2020-11-22 07:53:01', 14),
(91, 107, 'SANDIP', 'GORKHANE', NULL, '8381089996', 'friend', '2020-11-22 07:53:27', 14),
(92, 108, 'ARUN', 'AMBADASKAR', NULL, '7738951985', 'brother', '2020-11-24 12:45:45', 14),
(93, 108, 'MAHENDRA', 'CHIMAN', NULL, '9224737081', 'friend', '2020-11-24 12:46:14', 14),
(94, 111, 'KASHINATH', 'PASHTE', NULL, '9167255329', 'friend', '2020-11-24 13:10:35', 14),
(95, 111, 'YOGESH', 'REWALE', NULL, '9372733522', 'friend', '2020-11-24 13:11:03', 14),
(96, 111, 'BHALCHANDRA', 'XXXXXXXXXX', NULL, '8412001330', 'friend', '2020-11-24 13:12:17', 14),
(97, 112, 'SHRADDHA', 'KAMTEKAR', NULL, '7058713841', 'other', '2020-11-24 13:23:25', 14),
(98, 112, 'PANDURANG', 'BHOKTE', NULL, '9819613571', 'friend', '2020-11-24 13:23:56', 14),
(99, 113, 'SUCHITA', 'MOHITE', NULL, '9579375284', 'other', '2020-11-24 14:22:49', 14),
(100, 113, 'SUDARSHAN', 'MOHITE', NULL, '9545595354', 'friend', '2020-11-24 14:23:19', 14),
(101, 119, 'SONALI', 'RANE', NULL, '9326881043', 'friend', '2020-11-25 16:08:46', 14),
(102, 121, 'DIPASHREE', 'NAIK', NULL, '9870369541', 'other', '2020-11-26 09:31:36', 14),
(103, 122, 'PRITESH', 'WANKHEDE', NULL, '8976044451', 'other', '2020-11-26 12:26:47', 14),
(104, 122, 'SACHIN', 'KALASKAR', NULL, '7304518128', 'friend', '2020-11-26 12:27:22', 14),
(105, 131, 'SUJATA', 'PAWAR', NULL, '9226823605', 'other', '2020-11-28 15:35:14', 14),
(106, 131, 'YOGESH', 'PAWAR', NULL, '7276489674', 'other', '2020-11-28 15:36:15', 14),
(107, 132, 'MEENA', 'BHUVAD', NULL, '9561008919', 'other', '2020-11-28 16:17:05', 14),
(108, 132, 'VISHAL', 'PATIL', NULL, '8097799086', 'friend', '2020-11-28 16:17:40', 14),
(109, 133, 'YOGESH', 'GURAV', NULL, '9372082834', 'brother', '2020-11-29 06:34:25', 14),
(110, 133, 'AKSHAY', 'GURAV', NULL, '9867834667', 'brother', '2020-11-29 06:35:19', 14),
(111, 135, 'PANDURANG', 'MORE', NULL, '8655762766', 'father', '2020-11-29 15:14:49', 14),
(112, 135, 'MUKUND', 'MALI', NULL, '9765574086', 'other', '2020-11-29 15:15:12', 14),
(113, 135, 'PRASAD', 'VELYE', NULL, '9665911685', 'friend', '2020-11-29 15:15:35', 14),
(114, 137, 'RAJESH', 'PAWAR', NULL, '7499060149', 'brother', '2020-12-04 18:44:24', 14),
(115, 137, 'MAYUR', 'BANE', NULL, '9324070793', 'other', '2020-12-04 18:44:47', 14),
(116, 138, 'RUGVITA', 'MANDAVKAR', NULL, '9867162239', 'other', '2020-12-04 19:04:34', 14),
(117, 138, 'PRATHMESH', 'MEMON', NULL, '9130966148', 'friend', '2020-12-04 19:05:02', 14),
(118, 139, 'NAMRATA', 'SAWANT', NULL, '9665906141', 'other', '2020-12-05 07:37:52', 14),
(119, 139, 'PRAMILA', 'SAWANT', NULL, '9096697445', 'friend', '2020-12-05 07:38:19', 14),
(121, 142, 'MINAKSHI', 'JOGALE', NULL, '7875261887', 'other', '2020-12-05 13:27:51', 14),
(122, 143, 'RAJENDRA', 'BONDNILKAR', NULL, '7507603244', 'other', '2020-12-08 13:26:44', 14),
(123, 143, 'SHUBHAM', 'BONDNILKAR', NULL, '7758077463', 'other', '2020-12-08 13:27:24', 14),
(124, 144, 'ARCHANA', 'BOLE', NULL, '7517983132', 'other', '2020-12-27 15:25:06', 14),
(125, 148, 'REETA', 'GAUD', NULL, '9820816152', 'mother', '2020-12-28 16:04:22', 14),
(126, 148, 'SANTOSH', 'GAUD', NULL, '8788532361', 'brother', '2020-12-28 16:04:40', 14),
(127, 149, 'SANTOSH', 'CHAVAN', NULL, '9833363101', 'brother', '2020-12-28 16:13:49', 14),
(128, 149, 'YASHWANT', 'RAORANE', NULL, '9284291153', 'friend', '2020-12-28 16:14:15', 14),
(129, 150, 'ANVITA', 'SAWANT', NULL, '9405622164', 'other', '2020-12-28 16:30:07', 14),
(130, 150, 'VIKAS', 'DURGAVLE', NULL, '7977557085', 'friend', '2020-12-28 16:31:02', 14);

-- --------------------------------------------------------

--
-- Table structure for table `idproof`
--

CREATE TABLE `idproof` (
  `id` int(11) NOT NULL,
  `cust_id` int(11) NOT NULL,
  `id_type` varchar(255) NOT NULL,
  `number` varchar(255) NOT NULL,
  `image` varchar(255) NOT NULL,
  `date` timestamp NOT NULL DEFAULT current_timestamp(),
  `user` int(11) NOT NULL
) ENGINE=InnoDB DEFAULT CHARSET=latin1;

-- --------------------------------------------------------

--
-- Table structure for table `idproof_images`
--

CREATE TABLE `idproof_images` (
  `id` int(11) NOT NULL,
  `cust_id` int(11) NOT NULL,
  `type` varchar(555) NOT NULL,
  `image_name` varchar(555) NOT NULL,
  `date` int(11) NOT NULL,
  `user` int(11) NOT NULL
) ENGINE=InnoDB DEFAULT CHARSET=latin1;

-- --------------------------------------------------------

--
-- Table structure for table `ids`
--

CREATE TABLE `ids` (
  `id` int(11) NOT NULL,
  `name` varchar(555) NOT NULL,
  `pattern` text NOT NULL,
  `user` int(11) NOT NULL
) ENGINE=InnoDB DEFAULT CHARSET=latin1;

--
-- Dumping data for table `ids`
--

INSERT INTO `ids` (`id`, `name`, `pattern`, `user`) VALUES
(1, 'Pan Card', '^([a-zA-Z]){5}([0-9]){4}([a-zA-Z]){1}?$', 0),
(2, 'Aadhar Card', '^\\d{4}\\s\\d{4}\\s\\d{4}$', 0),
(3, 'Test', '', 1),
(4, 'Demo', '', 1);

-- --------------------------------------------------------

--
-- Table structure for table `model`
--

CREATE TABLE `model` (
  `id` int(11) NOT NULL,
  `brand` int(11) NOT NULL,
  `name` varchar(555) NOT NULL,
  `date` timestamp NOT NULL DEFAULT current_timestamp(),
  `user` int(11) NOT NULL
) ENGINE=InnoDB DEFAULT CHARSET=utf8mb4;

--
-- Dumping data for table `model`
--

INSERT INTO `model` (`id`, `brand`, `name`, `date`, `user`) VALUES
(3, 3, 'Note 5 Pro', '2020-06-21 13:24:39', 0),
(4, 3, 'Note 5', '2020-06-21 14:43:47', 1),
(5, 9, 'Ericsson', '2020-06-21 16:02:32', 1),
(6, 6, 'F5', '2020-06-21 16:06:30', 1),
(7, 1, 'Y50', '2020-06-21 16:12:15', 1),
(8, 1, 'V19', '2020-06-21 16:13:48', 1),
(9, 2, 'XS', '2020-08-01 13:07:06', 1),
(10, 10, '7T Pro', '2020-09-01 17:30:45', 1),
(11, 11, 'Test', '2020-09-01 17:51:19', 1),
(12, 10, '7', '2020-09-02 07:30:52', 1),
(13, 5, 'M31', '2020-09-17 08:17:22', 2),
(14, 14, 'camon i', '2020-10-14 15:53:23', 14),
(15, 1, 'Y30', '2020-11-01 09:09:04', 14),
(16, 1, 'U20', '2020-11-01 09:10:45', 14),
(17, 1, 'S1 PRO', '2020-11-01 09:12:25', 14),
(18, 1, 'V17', '2020-11-01 09:12:35', 14),
(19, 1, 'V20', '2020-11-01 09:13:26', 14),
(20, 1, 'V20 8GB 128GB', '2020-11-01 09:14:12', 14),
(21, 1, 'Y11', '2020-11-01 09:15:08', 14),
(22, 1, 'Y20 4GB 64GB', '2020-11-01 09:18:19', 14),
(23, 1, 'Y20i 3GB 64GB', '2020-11-01 09:20:13', 14),
(24, 1, 'Y91i 2GB 32GB', '2020-11-01 09:22:00', 14),
(25, 1, 'Y91i 3GB 32GB', '2020-11-01 09:26:21', 14),
(26, 6, 'F17 8GB 128GB', '2020-11-01 09:28:00', 14),
(27, 6, 'F17 6GB 128GB', '2020-11-01 09:29:05', 14),
(28, 6, 'F17PRO 8GB 128GB', '2020-11-01 09:31:05', 14),
(29, 6, 'A53 6GB 128GB', '2020-11-01 09:31:25', 14),
(30, 6, 'A33 3GB 32GB', '2020-11-01 09:33:04', 14),
(31, 6, 'A15 3GB 32GB', '2020-11-01 09:34:14', 14),
(32, 6, 'A12 3GB 32GB', '2020-11-01 09:37:19', 14),
(33, 6, 'A11K 2GB 32GB', '2020-11-01 09:38:19', 14),
(34, 11, 'C3 4GB 64GB', '2020-11-01 09:40:00', 14),
(35, 11, '7i 4GB 64GB', '2020-11-01 09:42:00', 14),
(36, 11, 'REALME 7 6GB 64GB', '2020-11-01 09:42:26', 14),
(37, 15, 'NORD 8GB 128GB', '2020-11-01 09:44:56', 14),
(38, 8, 'G5S PLUS 4GB 64GB', '2020-11-01 09:45:47', 14),
(39, 16, 'REDMI 9i 4GB 64GB', '2020-11-01 09:47:27', 14),
(40, 16, 'REDMI 9A 2GB 32GB', '2020-11-01 09:49:01', 14),
(41, 16, 'REDMI 9A 3GB 32GB', '2020-11-01 09:51:06', 14),
(42, 16, 'REDMI 9 PRIME 4GB 64GB', '2020-11-01 09:53:04', 14),
(43, 16, 'NOTE 9 4GB 128GB', '2020-11-01 09:54:43', 14),
(44, 16, 'NOTE 9 PRO 4GB 64GB', '2020-11-01 09:56:40', 14),
(45, 16, 'NOTE 9PRO MAX 6GB 128GB', '2020-11-01 09:58:53', 14),
(46, 16, 'REDMI 8A DUAL 3GB 64GB', '2020-11-01 10:03:06', 14),
(47, 16, 'REDMI 9 4GB 64GB', '2020-11-01 10:03:23', 14),
(48, 5, 'M01 3GB 32GB', '2020-11-01 10:04:53', 14),
(49, 5, 'M01 CORE 1GB 16GB', '2020-11-01 10:05:36', 14),
(50, 5, 'A10S 2GB 32GB', '2020-11-01 10:06:22', 14),
(51, 17, 'A46 2GB  16GB', '2020-11-01 10:08:02', 14),
(52, 5, 'GURU 1200', '2020-11-01 11:27:18', 14),
(53, 5, 'METRO 313', '2020-11-01 11:28:50', 14),
(54, 5, 'GURU FM PLUS', '2020-11-01 11:30:27', 14),
(55, 5, 'GURU MUSIC 2', '2020-11-01 11:36:26', 14),
(56, 18, 'BASAIC X419', '2020-11-01 11:39:20', 14),
(57, 18, 'BASIC X378', '2020-11-01 11:39:39', 14),
(58, 18, 'BASIC X381', '2020-11-01 11:40:52', 14),
(59, 4, 'NOKIA 105 SINGLE', '2020-11-01 11:42:46', 14),
(60, 4, 'NOKIA 105 DUAL', '2020-11-01 11:43:04', 14),
(61, 6, 'A53 4GB 64GB', '2020-11-01 15:17:26', 14),
(62, 6, 'F17 PRO 8GB 128GB', '2020-11-05 06:55:40', 14),
(63, 5, 'A31 6GB 128GB', '2020-11-06 14:51:14', 14),
(64, 11, 'C11', '2020-11-08 16:20:55', 14),
(65, 11, 'C11 2GB 32GB', '2020-11-08 16:21:14', 14),
(66, 6, 'RENO4PRO 8GB 128GB', '2020-11-09 13:10:32', 14),
(67, 1, 'Y11 3GB 32GB', '2020-11-09 13:19:59', 14),
(68, 1, 'V20 SE 8GB 128GB', '2020-11-21 14:48:25', 14),
(69, 11, 'REALME 7PRO 8GB 128GB', '2020-11-22 07:37:44', 14),
(70, 5, 'A21S 4GB 64GB', '2020-11-24 13:24:42', 14),
(71, 1, 'Y50 8GB 128GB', '2020-11-25 12:57:18', 14),
(72, 6, 'RENO3PRO 8GB 128GB', '2020-11-26 09:25:08', 14),
(73, 6, 'A15 2 GB 3GB', '2020-11-28 11:52:28', 14),
(74, 6, 'A15 2GB 32GB', '2020-11-28 11:54:35', 14),
(75, 11, 'C15 4GB 64GB', '2020-12-28 15:43:14', 14),
(76, 19, 'SPARK GO 2020 KE5', '2020-12-28 15:46:56', 14);

-- --------------------------------------------------------

--
-- Table structure for table `sale`
--

CREATE TABLE `sale` (
  `id` int(11) NOT NULL,
  `cust_id` int(11) NOT NULL,
  `brand` varchar(255) NOT NULL,
  `model` varchar(555) NOT NULL,
  `color` varchar(255) NOT NULL,
  `imei1` varchar(555) NOT NULL,
  `imei2` varchar(555) NOT NULL,
  `purchase_date` date NOT NULL,
  `price` float NOT NULL,
  `payment_mode` varchar(255) NOT NULL,
  `loan_number` varchar(255) DEFAULT NULL,
  `finance_name` varchar(255) DEFAULT NULL,
  `loan_amount` double DEFAULT NULL,
  `down_payment` double DEFAULT NULL,
  `gtenure` varchar(255) DEFAULT NULL,
  `ntenure` varchar(255) DEFAULT NULL,
  `emi_start_date` date DEFAULT NULL,
  `emi_end_date` date DEFAULT NULL,
  `emi_due_date` date DEFAULT NULL,
  `intrest` double DEFAULT NULL,
  `emi_amount` double DEFAULT NULL,
  `comment` text DEFAULT NULL,
  `feedback` text DEFAULT NULL,
  `user` int(11) NOT NULL
) ENGINE=InnoDB DEFAULT CHARSET=latin1;

--
-- Dumping data for table `sale`
--

INSERT INTO `sale` (`id`, `cust_id`, `brand`, `model`, `color`, `imei1`, `imei2`, `purchase_date`, `price`, `payment_mode`, `loan_number`, `finance_name`, `loan_amount`, `down_payment`, `gtenure`, `ntenure`, `emi_start_date`, `emi_end_date`, `emi_due_date`, `intrest`, `emi_amount`, `comment`, `feedback`, `user`) VALUES
(1, 1, 'Mi', 'note 5 pro', 'black', '1212', '2121', '2021-02-08', 15000, 'Loan', '12', 'bajaj', 12000, 3000, '12', '', '2020-03-05', '2021-03-05', '2020-03-05', 10, 1100, 'test cmt', 'feedback', 1),
(2, 1, 'Oppo', 'F5', 'white', '2323', '3232', '2020-07-15', 22000, 'Cash', NULL, NULL, NULL, NULL, NULL, '', NULL, NULL, NULL, NULL, NULL, '', '', 1),
(7, 1, 'Sony', 'Ericsson', 'Red', 's11', 's22', '2021-02-10', 5000, 'Loan', '1', 'Bajaj', 3600, 1200, '3', '5', '2020-09-01', '2020-12-05', '2020-09-08', NULL, 1200, 'tst cmt', 'tst feedback', 1),
(8, 14, 'One plus', '7T Pro', 'Black', 'oneplus1', 'pneplus12', '2020-09-01', 36000, 'Loan', '12312', 'Bajaj', 36000, 0, '12', '', '2020-09-02', '2020-11-10', '2020-10-06', NULL, 3000, 'test cmmt', 'feedback', 1),
(9, 14, 'Apple', 'XS', 'white', 'app1', 'app2', '2020-09-01', 58000, 'Cash', NULL, NULL, NULL, NULL, NULL, '', NULL, NULL, NULL, NULL, NULL, 'test', 'feddback', 1),
(10, 1, 'MI', 'Note 5 Pro', 'Black', 'imei1', 'imei2', '2020-09-05', 17000, 'Loan', 'loan12', 'Kotak Mahindra', 17000, 0, '2', '4', '2020-09-05', '2020-12-05', '2020-09-05', NULL, 3000, NULL, NULL, 1),
(11, 15, 'MI', 'Note 5 Pro', 'Black', 'imei1', 'imei2', '2020-09-05', 16000, 'Loan', '1', 'ICICI', 16000, 0, '5', '10', '2020-10-05', '2021-02-05', '2020-10-05', NULL, 2000, NULL, NULL, 1),
(12, 17, 'Samsung', 'M31', 'BLUE', '12345123456', '12345123457', '2020-09-17', 20000, 'Cash', NULL, NULL, NULL, NULL, NULL, NULL, NULL, NULL, NULL, NULL, NULL, 'TEST', 'TEST', 2),
(13, 20, 'OPPO', 'A12', 'FLOWING SILVER', '860030044772255', '860030044772254', '2020-10-13', 9990, 'Loan', '4007121416', 'HOME CREDIT', 9990, 2600, '6', '6', '2020-11-13', '2021-04-13', '2020-10-10', NULL, 1428, 'ATTEND RASHMI REFFERENCE SARVESH SHE TOLD TO CUSTOMER TO REPAY THE EMI ON 10TH OF EVERY MONTH', 'CUSTOMERS SAYS MY WORK CAN ONLY DONE BY RASHMI', 14),
(14, 20, 'OPPO', 'A12', 'FLOWING SILVER', '860030044772255', '860030044772254', '2020-10-13', 9990, 'Loan', '4007121416', 'HOME CREDIT', 9990, 2600, '6', '6', '2020-11-13', '2021-04-13', '2020-10-10', NULL, 1428, 'ATTEND RASHMI REFFERENCE SARVESH SHE TOLD TO CUSTOMER TO REPAY THE EMI ON 10TH OF EVERY MONTH', 'CUSTOMERS SAYS MY WORK CAN ONLY DONE BY RASHMI', 14),
(15, 26, 'VIVO', 'Y20i 3GB 64GB', 'DAWN WHITE', '863979059777798', '863979059777780', '2020-11-01', 11490, 'Loan', '4007671422', 'HOME CREDIT', 11490, 3000, '7', '6', '2020-12-08', '2020-06-08', '2020-12-01', NULL, 1, 'IF EMI BOUNCE 7 MONTH EMI IF NOT THEN ONLY 6 MONTH EMI \n\nRASHMI REFFERENCE\nGIVE VIVO EARPHONE FREE', '', 14),
(16, 27, 'Vivo', 'Y11', 'AGATE RED', '866043055065992', '866043055065984', '2020-11-01', 10000, 'Loan', '0335715787', 'IDFC FIRST BANK', 10000, 500, '8', '6', '2020-12-02', '2020-05-02', '2020-11-01', NULL, 2009, 'CAPITAL FIRST 0 DP JAYESH CHIMAN REFFERENCE \nVIVO Y11 3GB 32GB', NULL, 14),
(17, 28, 'REDMI', 'REDMI 9 4GB 64GB', 'ORANGE', '862543049673615', '862543049673623', '2020-11-01', 9500, 'Cash', NULL, NULL, NULL, NULL, NULL, NULL, NULL, NULL, NULL, NULL, NULL, 'CUSTOMER GIVES CASH ON REDMI NOTE 9 4/64GB \nCUSTOMER GIFT MATT SCRATCH GUARD', NULL, 14),
(18, 29, 'Oppo', 'A53 4GB 64GB', 'BLACK', '862906059191838', '862906059191838', '2020-11-01', 13000, 'Cash', NULL, NULL, NULL, NULL, NULL, NULL, NULL, NULL, NULL, NULL, NULL, 'KUSHAL K PASS SE LAKE DIYA THA MOBILE AUR 13000 ME OPPO EARPHONE DIYA CUSTOMER WAITING FOR MORE THAN 30 MIN', NULL, 14),
(19, 31, 'Oppo', 'A12 3GB 32GB', 'BLUE', '865236042602775', '865236042602767', '2020-11-01', 10000, 'Loan', '0335719767', 'IDFC FIRST BANK', 9924, 500, '8', '6', '2020-12-02', '2020-05-02', '2020-11-29', NULL, 1945, 'customer is geniun.customer only pay 500 pf we give them oppo earphone', 'cistomer like our attitude and they attached with us', 14),
(20, 32, 'Oppo', 'A53 6GB 128GB', 'BLACK', '862906059685011', '862906059685011', '2020-11-01', 15490, 'Loan', 'A38549674', 'BAJAJ FINANCE', 12399, 2820, '11', '9', '2020-12-02', '2020-08-02', '2020-11-30', NULL, 1409, 'CUSTOMER LA EARPHONE FREE DILA URBON AUDIO CHA DPD PN NAHI GHETLI HOTI.', 'CUSTOMER IS HAPPY  WITH OUR SERVICE AS CUSTOMER TOLD TO US', 14),
(21, 33, 'Vivo', 'Y20 4GB 64GB', 'DAWN WHITE', '868894057401330', '868894057401322', '2020-11-01', 12990, 'Loan', 'A4407359', 'BAJAJ FINANCE', 12659, 350, '8', '8', '2020-12-02', '2020-07-02', '2020-11-30', NULL, 1865, 'CUSTOMER DOING CPP INSUARANCE WITH VIVO Y20 4GB 64GB \nINSUARANCE AMT 1924\n\nCUSTOMER IS SARVESH FRIEND AND WE GIVE THEM VIVOS EARPHONE', 'CUSTOMER IS HAPPY', 14),
(22, 34, 'MICROMAX', 'BASIC X381', 'BLUE', '352324112104607', '352324112104607', '2020-11-01', 1050, 'Cash', NULL, NULL, NULL, NULL, NULL, NULL, NULL, NULL, NULL, NULL, NULL, 'FRIEND', NULL, 14),
(23, 35, 'Oppo', 'A53 4GB 64GB', 'WHITE', '862906059759170', '862906059759162', '2020-11-02', 12990, 'Loan', '4007694688', 'HOME CREDIT', 12990, 5, '6', '6', '2020-12-02', '2021-05-02', '2020-11-27', NULL, 1535, 'CUSTOMER IS REFFRENCE OF BAPU KANADE.\n(BROTHER OF PRAJAKTA KANADE) WE DOING LOGIN ON HCI ON VILLAGE ADDRESS...CUSTOMER WILL PAY THE EMI EITHER IN CASH OR ECS\nALSO WE GIVE THEM LOST SIM CARD OF VODAPHONE 9545647279', 'CUSTOMER ALSO BUY NEW JIO SIM', 14),
(24, 36, 'Vivo', 'V20 8GB 128GB', 'SUNSET MELODY', '869329054608354', '869329054608347', '2020-11-02', 24990, 'Loan', 'A2563667', 'BAJAJ FINANCE', 18779, 6265, '13', '13', '2020-12-02', '2021-09-02', '2020-11-30', NULL, 2181, 'V20 ON BAJAJ FINANCE 2265 DP+ VIVO Y83 4GB 32GB EXCHANGE FOR 4000RS IMEI OF OLD PHONE 869730039820412\n\nMOST BUY FROM TOP 10', NULL, 14),
(25, 37, 'Vivo', 'Y20i 3GB 64GB', 'BLUE', '863979055603576', '863979055603568', '2020-11-03', 11500, 'Cash', NULL, NULL, NULL, NULL, NULL, NULL, NULL, NULL, NULL, NULL, NULL, 'EXSTING CUSTOMER BUY VIVO Y20I BLUE COLOUR ALSO WAIT FOR MORE THAN 20 MIN FOR PRODUCT WHICH SARVESH TAKING FROM SHREE MOBILE SHOP 1\nALSO GIVE CUSTOMER VIVO Y81 SCREEN GUARD AND ONE VIVO \nEARPHONE\n\nPAYMENT DONE THRUGH PAYTM ADD IN MUKESH 1500+1500', NULL, 14),
(26, 38, 'Vivo', 'Y30', 'DAZZLE BLUE', '865541048397092', '865541048397084', '2020-11-03', 13990, 'Loan', '0335810792', 'IDFC FIRST BANK', 9225, 4700, '8', '6', '2020-12-02', '2020-05-02', '2020-11-29', NULL, 1749, 'USER OF MOBILE IS DAUGHTER OF PRAKASH THUKRUL \n\nDAUGHTER OF PRAKASH THUKRUL IS RASHMI\'S FRIEND\n\nFOC:- VIVO EARPHONE\n', 'NO FEEDBACK', 14),
(27, 39, 'Oppo', 'F17 6GB 128GB', 'NAVY BLUE', '864991058314811', '864991058314803', '2020-11-03', 16990, 'Loan', 'A3028333', 'BAJAJ FINANCE', 16990, 0, '9', '9', '2020-12-02', '2021-08-02', '2020-11-30', NULL, 2102, 'CUSTOMERS SON TAKING MOBILE IN MORNING AND THEN HIS FATHER COMES IN  EVENING FOR PRODUCT PHOTO AND THEN THEY TAKING BILL AND BOX.', '', 14),
(28, 40, 'REDMI', 'REDMI 9i 4GB 64GB', 'NATURE GREEN', '867936041172187', '867936041172195', '2020-11-03', 9000, 'Cash', NULL, NULL, NULL, NULL, NULL, NULL, NULL, NULL, NULL, NULL, NULL, NULL, NULL, 14),
(29, 41, 'Vivo', 'Y20 4GB 64GB', 'PURIST BLUE', '868894059730496', '868894059730488', '2020-11-04', 12990, 'Loan', '4007770055', 'HOME CREDIT', 6759, 6000, '7', '6', '2020-12-04', '2021-05-04', '2020-11-30', NULL, 1, 'CUSTOMER IS REFRENCE OF DEEPAK GHADSHI\n\nWE DONE THIS ON ADHAR CARD ADDRESS AND ADHAR ADDRESS IS CUSTOMERS VILLAGE ADDRESS\nEARPHONE AS FREE GIFT =VIVO EARPHONE', 'CUSTOMER IS LOYAL WITH US.CUSTOMER NOT ACCEPTED THAT HIS LOAN WILL DONE.', 14),
(30, 42, 'Vivo', 'Y30', 'BLUE', '866001041439150', '866001041439143', '2020-11-04', 13990, 'Cash', NULL, NULL, NULL, NULL, NULL, NULL, NULL, NULL, NULL, NULL, NULL, 'WE GIVE THEM AS ON OUR OWN EMI FACILITY THEY PAY AT A TIME OF PURCHASE RS 4500 AND REMAINING WILL PAY AS EVERY MONTH', NULL, 14),
(31, 43, 'Vivo', 'Y20i 3GB 64GB', 'DAWN WHITE', '863979059794314', '863979059794306', '2020-11-05', 11490, 'Loan', '0335934348', 'IDFC FIRST BANK', 10117, 1400, '8', '8', '2020-12-02', '2021-07-02', '2020-11-30', NULL, 1629, 'CUSTOMER IS REFRENCE OF SACHIN SAWANT BUNTY BHAUJI.\n\nAND HE IS AN BUS DRIVER AND HIS OFFICE IS AT RUSHI VIHAR COMPLEX \nCUSTOMER NOT TAKING PHONE ON SAME DATE HE COME AFTER 2-3 DAYS', NULL, 14),
(32, 45, 'Vivo', 'Y20 4GB 64GB', 'OBSIDIAN BLACK', '868894059784394', '868894059784386', '2020-11-06', 12990, 'Loan', '4007821904', 'HOME CREDIT', 6, 6, '6', '6', '2020-12-06', '2020-05-06', '2020-11-30', NULL, 1, 'CUSTOMER IS MUKESH KANOJIYA (MUKESH COLL FRIEND) BROHTER IN LAW. WE GIVE VIVO EARPHONE TO THEM.\n\nTHEY BUY PRODUCT BEFORE GOING THEIR JOB ON SHIP', NULL, 14),
(33, 46, 'Realme', 'REALME 7 6GB 64GB', 'MIST WHITE', '868696054124272', '868696054124264', '2020-11-06', 15000, 'Cash', NULL, NULL, NULL, NULL, NULL, NULL, NULL, NULL, NULL, NULL, NULL, 'CUSTOMER IS EXSTING RASHMI  TELL THEM 15500 PRICE AND THEN SHE ASK ME FOR MINIMUM PRICE SO I TELL HER GIVE IT TO 15000 THAT IS ONLINE PRICE.', NULL, 14),
(34, 47, 'Samsung', 'A31 6GB 128GB', 'WHITE AND BLUE', '355390116622883', '355390116622883', '2020-11-06', 20500, 'Loan', '4007805433', 'HOME CREDIT', 23, 17000, '8', '8', '2020-12-05', '2021-07-05', '2020-11-30', NULL, 3, 'EXSTING CUSTOMER.WE ORDER IT FROM AMMAJI....TWO PHONE TOGHETHER WE DONE ON HOME CREDIT FINANCE.AND ALSO THEY TAKE TWO SCREEN GUARD AND PAY THE 200 RS AMUNT', NULL, 14),
(35, 48, 'Samsung', 'GURU FM PLUS', 'WHITE', '353700112433261', '353700112433264', '2020-11-06', 1500, 'Cash', NULL, NULL, NULL, NULL, NULL, NULL, NULL, NULL, NULL, NULL, NULL, '2 PHONE TAKE TOGHETHER', NULL, 14),
(36, 48, 'Samsung', 'GURU FM PLUS', 'GOLD', '353700118359999', '353700118359992', '2020-11-06', 1500, 'Cash', NULL, NULL, NULL, NULL, NULL, NULL, NULL, NULL, NULL, NULL, NULL, NULL, NULL, 14),
(37, 49, 'MICROMAX', 'BASIC X381', 'BLUE', '352324112038953', '352324112038953', '2020-11-07', 1100, 'Cash', NULL, NULL, NULL, NULL, NULL, NULL, NULL, NULL, NULL, NULL, NULL, 'CUSTOMER COMING FOR ENQUIRY OF NEW PHONE WORTH RS 10000 ON LOAN AND ALSO THEY WANT BASIC PHONE.BUT CUSTOMER DONT HAVE AN CHEQUE AND PAN CARD SO THATS WHY THERE ON LOAN', NULL, 14),
(38, 50, 'Vivo', 'Y20i 3GB 64GB', 'BLUE', '863979055603998', '863979055603980', '2020-11-07', 11490, 'Loan', '4007866500', 'HOME CREDIT', 8, 3000, '7', '6', '2020-12-07', '2021-06-07', '2020-11-15', NULL, 1, 'CUSTOMER IS REFRENCE OF EXSTING CUSTOMER.CUSTOMER PROMICE TO PAY THE EMI ON 15TH OF EVERY MONTH.\n\nWE ARE NOT GIVING ANY FOC TO THIS CUSTOMER\n\nMAY BE CUSTOMER IS KNOW TO RASHMI\n ', NULL, 14),
(39, 51, 'MICROMAX', 'BASIC X378', 'BLUE', '357138370301639', '357138370301637', '2020-11-08', 1200, 'Cash', NULL, NULL, NULL, NULL, NULL, NULL, NULL, NULL, NULL, NULL, NULL, 'CUSTOMER LA BASIC PHONE PAHIJE HOTA ANI MINE CUSTOMER LA PHONE CHI PRICE 1400 SANGITLI ANI TYANE BARGNING KELI ANI TYANE TO PHONE 1200 GETLA \nCUSTOMER LA SOAN PAPDI GIFT DILI.', 'FRANCLIY', 14),
(40, 52, 'Oppo', 'A15 3GB 32GB', 'DYNAMIC BLACK', '868987054269831', '868987054269823', '2020-11-08', 9990, 'Loan', '4007902897', 'HOME CREDIT', 6812, 3000, '6', '6', '2020-12-08', '2020-05-08', '2020-12-05', NULL, 1356, 'CUSTOMER IS REFFERENCE OF RUPESH AMDASKAR\n\nEXISTING CUSTOMER OF HOME CREDIT \nDEBIT CARD E MANDATE IS DONE\nWE GIVE THEM DIWALI OFFER OF HALDIRAM SONPAPDI AND 99 RS WALA GIFT ', NULL, 14),
(41, 53, 'Vivo', 'S1 PRO', 'MYSTIC BLACK', '869264044649475', '869264044649467', '2020-11-08', 18990, 'Loan', '0336205790', 'IDFC FIRST BANK', 12595, 6400, '10', '7', '2020-12-02', '2021-06-02', '2020-11-30', NULL, 1899, 'CUSTOMER IS REFRENCE OF HEMANT KHARATE..THEY GIVE DOWN PAYMENT TROUGH PHONE PAY\n\nWE GIVE THEM HALDIRAM SONPAPDI AND 99RS WALA GIFT WHICH WE BUY FROM D MART', NULL, 14),
(42, 55, 'Realme', 'C11 2GB 32GB', 'GREEN', '867777049039576', '867777049039576', '2020-11-08', 7500, 'Cash', NULL, NULL, NULL, NULL, NULL, NULL, NULL, NULL, NULL, NULL, NULL, 'CUSTOMER IS REFRENCE OF SARVESH MAYEKAR FROM HIS CHAWL', NULL, 14),
(43, 56, 'Vivo', 'Y91i 3GB 32GB', 'OCEAN BLUE', '868964052130877', '868964052130869', '2020-11-08', 9000, 'Loan', '4007901581', 'HOME CREDIT', 0, 3500, '6', '6', '2020-12-08', '2021-05-08', '2020-11-30', NULL, 1170, 'WE GIVE THEM HALDIRAM SONPAPDI AND ONE GIFT FROM D MART WORTH RS 99+55=154RS\n', NULL, 14),
(44, 57, 'Vivo', 'Y20i 3GB 64GB', 'nebula blue', '863979053439056', '863979053439049', '2020-11-08', 11490, 'Loan', '4007902476', 'HOME CREDIT', 7, 3, '6', '6', '2020-12-08', '2020-05-08', '2020-11-30', NULL, 1, 'CUSTOMER HAVE AN IDFC CARD BUT THIER IS AN PROBLEM IN IDFC FINANCE, CUSTOMER NAME SHOWING IN IDFC IS AMIT BUT ON DOCUEMNTS HIS NAME SHANKAR SO WE ARE NOT DOING THE FILE ON IDFC AND WE ALSO SUGGEST TO THE CUSTOMER TO GO IDFC OFFICE IN VIRAR WEST AND RESOLVE THIS ISSUE AND THEN WE DONE HIS  LOAN ON HOME CREDIT FINANCE...\n\nWE GIVE THEM DIWALI OFFER AS SWEET OF HALDIRAM SONPAPDI AND  99RS WALA GIFT', NULL, 14),
(45, 58, 'Realme', '7i 4GB 64GB', 'FUSION BLUE', '867726044110254', '867726044110247', '2020-11-08', 13000, 'Loan', '4007904598', 'HOME CREDIT', 8, 4, '6', '6', '2020-12-08', '2021-05-08', '2020-11-30', NULL, 1, 'CUSTOMER IS LIVE AT SANTOSH SAWANT AREA \nWE SUGGEST THEM VIVO Y20 BUT STILL THEY WANT REALME 7 I 4GB 64GB \nWE GIVE THEM  HALDIRAM SONPAPDI AND 99RS WALA GIFT', NULL, 14),
(46, 59, 'Oppo', 'F17 PRO 8GB 128GB', 'MATTE BLACK', '863903053600012', '863903053600004', '2020-11-10', 22990, 'Loan', '4007971769', 'HOME CREDIT', 14, 8, '7', '6', '2020-12-10', '2021-10-06', '2020-11-30', NULL, 2785, 'CUSTOMER IS REFRRENCE OF DEEPAK GHADSHI AND THEY TRING FIRST IN RD ON CAPITAL FIRST FOR RENO 4 PRO 34990.THIS FILE REJECTED ON 8/2 SCHEME.... CIBIL -1\nTHEN THEY COME TO US AND WE CNVEYANCE THEM TO TAKE OPPO F17 PRO 8GB 128GB ON 8000 DP AND THEY ARE READY TO DO IT....\n\n\nWE GIVE THEM DIWALI GIFT AS SONPAPDI AND   GIFT ', NULL, 14),
(47, 60, 'Vivo', 'Y20 4GB 64GB', 'blue', '868894056261479', '868894056261461', '2020-11-10', 12990, 'Loan', '4007933523', 'HOME CREDIT', 8, 4, '7', '6', '2020-12-09', '2021-05-09', '2020-11-30', NULL, 1, 'CUSTOMER IS REFRENCE OF ASHISH GAWADE CHINTU KARGIL\n\nTHEY DONT HAVE ORIGINAL PAN CARD SO I (MUKESH) SUGGEST THEM TO GO JAY CYBER NEAR SHREE 2 AND TAKE PAN CARD FOR RS 200.SO THEY DO THE SAME AND THEN THEY AGAIN COME TO US AND WE DONE THEM LOGIN ON HOME CREDIT FINANCE...AND WE ALSO GIVE THEM DIWALI GIFT AS SONPAPDI AND PLASTIC DABBA\'S.', NULL, 14),
(48, 61, 'Oppo', 'RENO4PRO 8GB 128GB', 'STARRY NIGHT', '869959042514874', '8699590425148', '2020-11-10', 34990, 'Cash', NULL, NULL, NULL, NULL, NULL, NULL, NULL, NULL, NULL, NULL, NULL, 'CUSTOMER WAS DOING  ENQUIRY FROM LAST 2-3 DAYS FOR RENO 4 PRO AND THEN WE ORDER IT FROM DISTRIBUTOR AND GIVE THEM PHONE ON HDFC DC EMI.\n\nALSO GIVE THEM DIWALI GIFT AS SONPAPDI AND GIFT', NULL, 14),
(49, 62, 'Vivo', 'Y20 4GB 64GB', 'BLUE', '868894056254011', '868894056254003', '2020-11-10', 12990, 'Loan', 'A3647459', 'BAJAJ FINANCE', 10213, 2800, '8', '8', '2020-12-02', '2021-07-02', '2020-11-30', NULL, 1313, 'CUSTOMER IS COMING FOR ENQURY BUT SARVESH ATTEND THEM AND GIVE THEM ON BAJAJ FINANCE WITH RASHMI\'S HELP AND WE GIVE THEM GIFT AS SOPAPDI AND GIFT AND EARPHONE AS DIWALI GIFT', NULL, 14),
(50, 63, 'Oppo', 'A53 4GB 64GB', 'BLACK', '860694051718830', '860694051718822', '2020-11-11', 12990, 'Loan', '0336399972', 'IDFC FIRST BANK', 12909, 800, '8', '6', '2021-01-02', '2021-06-02', '2020-12-29', NULL, 2463, 'CUSTOMER COMING IN MORNING...AND THEY WANT TO BUY OPPO A53 4GB 64GB WORTH RS 12990 ON 0 DP SO WE DONE LOGIN ON IDFC FIRST ON VANILA SCHEME. THEY HAVE AN NETBANKING ID PASSWORD\nID AnitaKamble01\npassword Anita@01\n\nwe give them diwali gift as sonpapdi and gift\n\nwe aslo take them living address from passation later thay are cary with them customer is working in vasai dmart near bangli area', NULL, 14),
(51, 64, 'Samsung', 'GURU MUSIC 2', 'BLACK', '355609113987068', '355609113987066', '2020-11-11', 1800, 'Cash', NULL, NULL, NULL, NULL, NULL, NULL, NULL, NULL, NULL, NULL, NULL, 'AUTO DRIVER WE GIVING SONPAPDI', NULL, 14),
(52, 65, 'Oppo', 'F17 6GB 128GB', 'BLUE', '864991056944650', '864991056944650', '2020-11-11', 16990, 'Loan', '4007955507', 'HOME CREDIT', 12, 4, '6', '6', '2020-12-10', '2021-05-10', '2020-11-30', NULL, 2, 'CUSTOMER IS REFFRENCE OF RAHUL TAMBE FROM KARGIL NAGAR HE ALSO KNOW TO THE VIVEK WAGHARE. WE GIVE THEM SONPAPDI AND GIFT BOX AS DIWALI GIFT....', NULL, 14),
(53, 68, 'Oppo', 'A53 4GB 64GB', 'ELECTRIC BLACK', '860694051882735', '860694051882727', '2020-11-11', 12990, 'Loan', '0336407150', 'IDFC FIRST BANK', 11741, 1300, '6', '6', '2021-01-02', '2021-06-02', '2020-12-31', NULL, 2416, 'CUSTOMER IS REFRENCE OF MUKESH...THEY BUY THE PRODUCT FOR SUCHIT GAMRE AND GIVING VASAI VIKAS CHEQUE FOR ECS AND ALSO DO INSURANCE BECAUSE WE DONE LOGIN ON 0 DP 0 INTREST\n\nALSO WE GIVE THEM SOPAPDI AND DIWALI GIFT TO THEM', NULL, 14),
(54, 69, 'Vivo', 'Y20i 3GB 64GB', 'white', '863979057102130', '863979057102122', '2020-11-11', 11490, 'Cash', NULL, NULL, NULL, NULL, NULL, NULL, NULL, NULL, NULL, NULL, NULL, 'CUSTOMER IS REFRENCE OF DEVENDRA GOSAVI(OLD CUSTOMER)\n\nWE  GIVE THEM SONPAPDI AND DIWALI GIFT', NULL, 14),
(55, 70, 'Oppo', 'A53 6GB 128GB', 'ELECTRIC BLACK', '862906059686019', '862906059686001', '2020-11-11', 15490, 'Loan', '0335684812', 'IDFC FIRST BANK', 10644, 5500, '8', '6', '2021-01-02', '2021-06-02', '2020-12-31', NULL, 1937, 'CUSTOMER IS REFRENCE OF RASHMI MAYEKAR.\nTHIS CUSTOMER IS FATHER OF SHARDA WHO IS FRIEND OF RASHMI', NULL, 14),
(56, 71, 'Vivo', 'Y20 4GB 64GB', 'OBSIDIAN BLACK', '868894059763117', '868894059763109', '2020-11-11', 12990, 'Loan', 'A39719695', 'BAJAJ FINANCE', 8464, 4550, '10', '7', '2021-01-02', '2021-07-02', '2020-12-30', NULL, 1574, 'CUSTOMER IS REFRENCE OF EXSTING CUSTOMER OF HOME CREDIT FINANCE WE GIVE THEM SONPAPDI SWEET(TO REFFRENCE) \n  TO CUSTOMER WE GIVE BOTH DIWALI GIFT', NULL, 14),
(57, 73, 'Vivo', 'Y20 4GB 64GB', 'BLUE', '868894055811977', '868894055811969', '2020-11-11', 12990, 'Loan', '4008003012', 'HOME CREDIT', 7, 5, '6', '6', '2020-12-11', '2021-05-11', '2020-11-30', NULL, 1, 'PRATHMESH TAMBE FROM IDFC FIRST', NULL, 14),
(58, 74, 'Oppo', 'A53 6GB 128GB', 'BLACK', '860694050131696', '860694050131688', '2020-11-11', 15490, 'Loan', '4008013125', 'HOME CREDIT', 11, 4, '6', '6', '2020-12-11', '2021-05-11', '2020-12-06', NULL, 2, 'CUSTOMER IS COMING FROM SNEHANJALI.AND WE DONE THEM LOGIN ON HOME CREDIT FINANCE. THEY ALSO SAYING THAT WE HAVE TO FIRST COME OVER HERE SO THEY ARE HAPPY WITH OUR SERVICE.\n\nWE DO DEBIT CARD MANDATE PROCESS SUCCEEFULLY\n\nWE GIVE THEM DIWALI GIFT AS SWEET AND GIFT', 'CUSTOMER HAPPY WITH US', 14),
(59, 74, 'Oppo', 'A53 6GB 128GB', 'BLACK', '860694050131696', '860694050131688', '2020-11-11', 15490, 'Loan', '4008013125', 'HOME CREDIT', 11, 4, '6', '6', '2020-12-11', '2021-05-11', '2020-12-06', NULL, 2, 'CUSTOMER IS COMING FROM SNEHANJALI.AND WE DONE THEM LOGIN ON HOME CREDIT FINANCE. THEY ALSO SAYING THAT WE HAVE TO FIRST COME OVER HERE SO THEY ARE HAPPY WITH OUR SERVICE.\n\nWE DO DEBIT CARD MANDATE PROCESS SUCCEEFULLY\n\nWE GIVE THEM DIWALI GIFT AS SWEET AND GIFT', 'CUSTOMER HAPPY WITH US', 14),
(60, 75, 'Vivo', 'Y20 4GB 64GB', 'BLUE', '868894056261776', '868894056261768', '2020-11-11', 12990, 'Cash', NULL, NULL, NULL, NULL, NULL, NULL, NULL, NULL, NULL, NULL, NULL, 'CUSTOMER IS REFFRENCE OF PRATHMESH JOIL (UDDHAV MAHADIK)\n THEY DOING 2000 GPAY AND 11000 IN CASH\n\nWE GIVE THEM SWEET AND GIFT FOR DIWALI FESTIVAL\n', NULL, 14),
(61, 76, 'REDMI', 'NOTE 9 PRO 4GB 64GB', 'BLACK', '865715042352077', '865715042352085', '2020-11-11', 14500, 'Loan', '4008012310', 'HOME CREDIT', 11, 5, '6', '6', '2020-12-11', '2021-05-11', '2020-12-06', NULL, 2302, 'CUSTOMER IS REFFRENCE OF KAKI WHO LEAVE IN OUR SOCEITY( WHO LEAVES AT OPP OF GUJRATI AUNTY)\n\nTHEY TAKE 2 PHONE TOGHETHER \n1)HOME CREDIT\n2)BAJAJ CARD ALREADY THEY HAVE BUT REGISTER NO NOT ACTIVATE SO WE DONE THEM LOGIN ON PIN ', NULL, 14),
(62, 76, 'Vivo', 'Y20 4GB 64GB', 'BLUE', '868894055811258', '868894055811241', '2020-11-11', 12990, 'Loan', 'A38555529', 'BAJAJ FINANCE', 8464, 4500, '10', '7', '2021-12-02', '2021-06-02', '2020-11-30', NULL, 1574, '2 PHONE TOGHETHER', NULL, 14),
(63, 77, 'Oppo', 'A53 4GB 64GB', 'WHITE', '860694054755276', '860694054755268', '2020-11-12', 13000, 'Loan', '0336486800', 'IDFC FIRST BANK', 13618, 500, '8', '6', '2021-01-02', '2021-06-02', '2020-12-31', NULL, 2593, 'CUSTOMER IS AUTO DRIVER THEY COME AT A TIME OF CLOSING\n \nWE GIVE THEM ONLY GIFT', NULL, 14),
(64, 78, 'Vivo', 'Y11 3GB 32GB', 'BLUE', '866676053177994', '866676053177986', '2020-11-12', 9500, 'Cash', NULL, NULL, NULL, NULL, NULL, NULL, NULL, NULL, NULL, NULL, NULL, 'CUSTOMER COMING FOR REDMI 9 PRIME 4GB 64GB THEM I EXPLAIN THEM FOR VIVO OPPO AND THEN I SUGGEST THEM TOTAL FEATURS OF VIVO AND THEN THEY HAPPLY BUY THE VIVO Y11 3GB 32GB WE ALSO GIVE THEM GIFTS AS SWEET AND GIFT', NULL, 14),
(65, 80, 'Vivo', 'Y11 3GB 32GB', 'MINURAL BLUE', '866676053624078', '866676053624060', '2020-11-12', 9990, 'Loan', '4008078639', 'HOME CREDIT', 6, 3000, '6', '6', '2020-12-12', '2021-05-12', '2020-12-07', NULL, 1, 'CUSTOMER LA REDMI CHA PHONE GYACHA GOTA MINE TYANA VIVO V11 ADVICE KELA TYANI TO DONE KELA ANI TE BOLE KI MINE TUMCHA KADUN 4 PHONE GETLE AHE.', '', 14),
(66, 81, 'Vivo', 'Y11', 'MINRAL BLUE', '866676058119538', '866676058119520', '2020-11-12', 9990, 'Loan', '4008081508', 'HOME CREDIT', 7112, 2700, '6', '6', '2020-12-12', '2020-05-12', '2020-12-10', NULL, 1508, 'HA CUSTOMER NAND  KUMAR SALVI CHA REFERANCE CUSTOMER AHE NAND KUMAR SALVI TYANCHA SOBAT ALAHAOTA ANI TYACHA HOME CREDIT VAR LOAN GETLA\nTYANA DABA ANI SOAN PAPDI GIFT DILI', NULL, 14),
(67, 82, 'Oppo', 'A53 6GB 128GB', 'ELECTRIC BLACK', '862906059718879', '862906059718861', '2020-11-19', 15500, 'Loan', 'A24637187', 'BAJAJ FINANCE', 10052, 5500, '15', '10', '2020-12-02', '2021-09-02', '2020-11-26', NULL, 1033, NULL, NULL, 14),
(68, 84, 'Oppo', 'A53 6GB 128GB', 'WHITE', '860694053062674', '860694053062666', '2020-11-19', 14700, 'Cash', NULL, NULL, NULL, NULL, NULL, NULL, NULL, NULL, NULL, NULL, NULL, 'SHUBHAM GURAV IS FRIEND OF RASHMI..ONE THE BEFORE HE IS ASKING FOR REDMI OR REALME AND WHEN HE COME TO SHOP THEN KISAN SHOWING THEM ALL BRAND THEN HE DECIDED TO BUY A OPPO A53 6GB 128GB OF RS 15490.WE GIVE THEM 5 % OFF ON MOP AND ALSO GIVE DIWALI GIFT AS SOMPAPDI AND PLASTIC BOX', NULL, 14),
(69, 85, 'Oppo', 'F17 PRO 8GB 128GB', 'WHITE', '863903052924751', '863903052924744', '2020-11-19', 22990, 'Loan', '4008111089', 'HOME CREDIT', 12, 10000, '6', '6', '2020-12-13', '2021-05-13', '2020-12-06', NULL, 2, 'CUSTOMER  IS REFRENCE OF RAHUL TAMBE WE GIVE THEM DIWALI GIFT AS SET OF 3 BOX WORTH RS 399 \n', NULL, 14),
(70, 86, 'REDMI', 'NOTE 9 4GB 128GB', 'PEBBLE GRAY', '864755051053878', '864755051053886', '2020-11-19', 14500, 'Loan', '4008141889', 'HOME CREDIT', 11, 5, '6', '6', '2020-12-13', '2021-05-12', '2020-12-07', NULL, 2, 'CUSTOMER IS BROTHER OF VAIBHAV MESTRY WHO LEAVE AT UDDHAV ASHU(CHINTU) ADARSH AREA\n', NULL, 14),
(71, 87, 'Oppo', 'A11K 2GB 32GB', 'BLUE', '865236040261335', '865236040261327', '2020-11-19', 8500, 'Cash', NULL, NULL, NULL, NULL, NULL, NULL, NULL, NULL, NULL, NULL, NULL, NULL, NULL, 14),
(72, 88, 'Vivo', 'Y30', 'BLACK', '865541047831612', '865541047831604', '2020-11-20', 13990, 'Loan', 'NA', 'BAJAJ FINANCE', 13990, 0, '8', '8', '2020-12-02', '2021-07-02', '2020-12-12', NULL, 1749, NULL, NULL, 14),
(73, 89, 'Vivo', 'Y20 4GB 64GB', 'BLACK', '860430050513074', '860430050513066', '2020-11-20', 12990, 'Loan', '1', 'BAJAJ FINANCE', 0, 4300, '10', '7', '2020-12-02', '2021-06-02', '2020-11-20', NULL, 1575, NULL, NULL, 14),
(74, 89, 'Oppo', 'A53 4GB 64GB', 'BLACK', '860694051719192', '860694051719184', '2020-11-20', 12990, 'Loan', '0336731070', 'IDFC FIRST', 13985, 0, '10', '8', '2021-01-02', '2021-08-02', '2020-12-30', NULL, 1973, NULL, NULL, 14),
(75, 90, 'Vivo', 'Y30', 'BLACK', '865541045004956', '865541045004949', '2020-11-20', 12990, 'Loan', 'A20359850', 'BAJAJ FINANCE', 13642, 0, '8', '8', '2021-01-02', '2021-08-02', '2020-12-29', NULL, 1990, 'CUSTOMER IS FRIEND OF MUKESH FROM JIVDANI CLASSES\n\nBILL NO 2070 BILL BOOK NO 021', NULL, 14),
(76, 91, 'Vivo', 'V20 8GB 128GB', 'WHITE', '869329050866774', '869329050866766', '2020-11-20', 24990, 'Loan', '4008154818', 'HOME CREDIT', 15, 9, '6', '6', '2020-12-13', '2021-05-13', '2020-12-06', NULL, 2, 'CUSTOMER IS REFFRENCE PF NIASHA MALAP AND YOGESH GURAV\n\nTHEY ARE ALREADY PURCHASE A PRODUCT FROM US ON DASHERA\nWE GIVE THEM DIWALI GIFT', NULL, 14),
(77, 93, 'Oppo', 'F17 6GB 128GB', 'DYNAMIC ORANGE', '868015051694791', '868015051694783', '2020-11-21', 16990, 'Loan', '4008158189', 'HOME CREDIT', 11, 5, '7', '6', '2020-12-13', '2021-05-13', '2020-12-04', NULL, 2, 'CUSTOMER IS OUR EXSTING CUSTOMER HE BUY FROM US ', NULL, 14),
(78, 94, 'Vivo', 'V20 SE 8GB 128GB', 'BLUE', '864433057169953', '864433057169946', '2020-11-21', 21000, 'Cash', NULL, NULL, NULL, NULL, NULL, NULL, NULL, NULL, NULL, NULL, NULL, 'customer is sister of sandy gorakhane from gokul nagar \n\nwe give them gift as an 399 wala dinner set', NULL, 14),
(79, 95, 'Vivo', 'Y20i 3GB 64GB', 'DAWN WHITE', '863979058328254', '863979058328247', '2020-11-21', 11490, 'Loan', '4008161327', 'HOME CREDIT', 7, 3500, '7', '6', '2020-12-13', '2021-05-13', '2020-12-06', NULL, 1, 'CUSTOMER IS REFFRENCE OF GOTYA VIJAY FRIEND\n HE IS TAKING THE PHONE FOR GOTYA\'S FATHER FOR HIS BIRTHDAY ', NULL, 14),
(80, 96, 'MICROMAX', 'BASIC X378', 'BLUE', '357138370301571', '357138370301579', '2020-11-21', 1400, 'Cash', NULL, NULL, NULL, NULL, NULL, NULL, NULL, NULL, NULL, NULL, NULL, NULL, NULL, 14),
(81, 97, 'Vivo', 'Y20 4GB 64GB', 'WHITE', '868894057424738', '868894057424720', '2020-11-21', 12990, 'Cash', NULL, NULL, NULL, NULL, NULL, NULL, NULL, NULL, NULL, NULL, NULL, 'CUSTOMER ALREADY PAY THE 6000 RS ON GPAY TO MUKESH 5 DAYS AGO THEN THEY ARE COME TO DIWALI FIRST DAY AND PAY THE 7000 RS TO KISAN MALI ON GPAY AND TAKE A DELIVERY. ON SAME DAY SHE ALSO TAKE AN URBON AUDIO BLUETOOTH MODEL C2 FOR RS 1400\n\nAFTER 2-3 DAYS SHE COME TO BUY THE BLUETOOTH BOAT OF RS 1800 AND PAY THE AMT THROUGH GPAY TO KISAN', NULL, 14),
(82, 98, 'Oppo', 'A53 6GB 128GB', 'BLACK', '862906059259411', '862906059259411', '2020-11-21', 15490, 'Cash', NULL, NULL, NULL, NULL, NULL, NULL, NULL, NULL, NULL, NULL, NULL, 'HE IS TAKING THE PHONE ON HIS AXIS BANK CREDIT CARD AND WE GIVE THEM THE PRODUCT ON KUSHAL\'S MACHINE FOR 0 INTREST EMI \n\nALSO PRODUCT IS TAKING FROM KUSHAL JOSHI\n\nONE DAY BEFORE THEY ARE COME FOR VIVO Y30 4GB 128 GB BUT WE DONT HAVE AN SWIPE MACHINE SO WE ORDER THE MACHINE FORM SHREE 1 BUT SHIVRAM TAKING WRONG MACHINE SO CUSTOMER DONT HAVE AN TIME SO HE TELL US HE WILL COME TOMMROW TO BUY THE PRODUCT AND HE IS CAME', NULL, 14),
(83, 99, 'Oppo', 'A53 4GB 64GB', 'BLACK', '860694055825078', '860694055825078', '2020-11-21', 12990, 'Cash', NULL, NULL, NULL, NULL, NULL, NULL, NULL, NULL, NULL, NULL, NULL, 'WE DOING THE LOGIN ON IDFC FIRST BUT E MANDATE NOT DONE SHOWING ICICI ISSUE..SO HE SAID THAT SWIPE MY ICICI CREDIT CARD\n\nAND HE SWIPE 10000 RS AND PAY 3000 IN  CASH\n\nWE SWIPE THIS TRANSACTION ON KUSHAL MACHINE', NULL, 14),
(84, 100, 'Oppo', 'F17PRO 8GB 128GB', 'BLACK', '863903054098596', '863903054098596', '2020-11-21', 22990, 'Loan', '4008177314', 'HOME CREDIT', 19, 3, '7', '6', '2020-12-14', '2021-05-14', '2020-12-09', NULL, 3, 'WE GIVE HIM SADA GIFT', NULL, 14),
(85, 101, 'Vivo', 'Y91i 3GB 32GB', 'OCEAN BLUE', '861437056571732', '861437056571724', '2020-11-21', 9000, 'Loan', '4008178807', 'HOME CREDIT', 0, 2, '6', '6', '2020-12-14', '2021-05-14', '2020-12-08', NULL, 1, NULL, NULL, 14),
(86, 103, 'Vivo', 'Y20 4GB 64GB', 'BLACK', '869685056177650', '869685056177643', '2020-11-21', 12990, 'Loan', '4008179491', 'HOME CREDIT', 8, 4, '6', '6', '2020-12-14', '2021-05-14', '2020-12-08', NULL, 1, 'CUSTOMER IS BROTHER OF ROSHAN PATADE AND HE ALSO THE USER OF PRODUCT.\n\nON THAT THEY ALSO GO TO GALA FOR THE LOAN BUT THEYSAYS  NO TO HIM BEACUSE SAME ISSUE OF IDFC SHOWING  TO THEM AND HE AGAIN COME TO OUR SHOP AND I EXPLAIN HIM THAT DONT TRY HERE AND THERE ITS EFFECT ON YOUR CIBIL SO HE UNDERSTAND AND THEN WE DONE THE LOGIN ON HIS BROTHER\n\nHE CAME WITH PRASAD VELYE WHO PURCHASE THE PRODUCT FOR EKNATH BHUVAD 7977253156', NULL, 14),
(87, 104, 'Oppo', 'A15 3GB 32GB', 'BLUE', '868987055205214', '868987055205214', '2020-11-21', 10000, 'Cash', NULL, NULL, NULL, NULL, NULL, NULL, NULL, NULL, NULL, NULL, NULL, 'CUSTOMER IS LEAVE AT OUR AREA AND THEY ARE TRYNIG FOR LOAN BUT BECAUSE OF LOW CIBIL LOAN WAS NOT APPROVED\n\nSO THEY BUY ON CASH WITH DIWALI GIFTS', NULL, 14),
(88, 105, 'Vivo', 'Y20i 3GB 64GB', 'BLACK', '864080056991752', '864080056991752', '2020-11-21', 11490, 'Loan', '4008227231', 'HOME CREDIT', 7, 3, '6', '6', '2020-12-14', '2021-05-14', '2020-12-08', NULL, 1, 'CUSTOMER IS FRIEND OF MUKESH\nFIRSTLY WE TRYING  THE LOGIN ON TUSHAR\'S NAME BUT THE LOGIN IS NOT DONE ON HIM SO WE DO THE LOGIN ON CHINTU\'S NAME', NULL, 14),
(89, 106, 'Vivo', 'Y20 4GB 64GB', 'WHITE', '869685054481799', '869685054481799', '2020-11-21', 13000, 'Cash', NULL, NULL, NULL, NULL, NULL, NULL, NULL, NULL, NULL, NULL, NULL, 'CUSTOMER IS REFRENCE FROM AKASH BHAUJI\'S WORK\n\nTHEY BUY THE PRODUCT FOR HIS MOM AND WE GIVE THEM THE PRODUCT 12500 RS VIVO Y20 4GB 64GB', NULL, 14),
(90, 107, 'Realme', 'REALME 7PRO 8GB 128GB', 'BLUE', '861504056775298', '861504056775280', '2020-11-22', 23000, 'Loan', '4008482843', 'HOME CREDIT', 13, 9000, '6', '6', '2020-12-22', '2021-05-22', '2020-12-10', NULL, 2, 'CUSOTMER IS REFFRENCE OF SANDEEP GORAKHNE FROM GOKUL NAGAR', NULL, 14),
(91, 108, 'Vivo', 'Y20i 3GB 64GB', 'WHITE', '864080056625137', '864080056625137', '2020-11-24', 11490, 'Loan', '4008230058', 'HOME CREDIT', 12, 500, '6', '6', '2020-12-14', '2021-05-14', '2020-12-08', NULL, 2, 'CUSTOMER IS REFRENCE OF JAYESH CHIMAN FROM EXSTING CUSTOMER \nTHIS CUSTOMER ALREADY PURCHASE THE PRODUCT FROM US ON HCI \nWE GIVE THEM DIWALI GIFT AND WE DONE VIVO Y20 4GB 64GB LOGIN BUT WRONGLY KISAN OPEN THE PRODUCT OF VIVO Y20I 3GB 64GB WORTH RS 11500 SO CUSTOMER IS READY FOR Y20I SO WE ADJUST THEM FIRST INSTALMENT BY 1500', NULL, 14),
(92, 109, 'Oppo', 'A53 4GB 64GB', 'BLACK', '860694055844418', '860694055844418', '2020-11-24', 12990, 'Cash', NULL, NULL, NULL, NULL, NULL, NULL, NULL, NULL, NULL, NULL, NULL, 'CUSTOMER IS FRIEND OF SARVESH MAYEKAR WHO WORK AT KISAN MALI FACTORY', NULL, 14),
(93, 109, 'Oppo', 'A53 4GB 64GB', 'BLACK', '860694055844418', '860694055844418', '2020-11-24', 12990, 'Cash', NULL, NULL, NULL, NULL, NULL, NULL, NULL, NULL, NULL, NULL, NULL, 'CUSTOMER IS FRIEND OF SARVESH MAYEKAR WHO WORK AT KISAN MALI FACTORY', NULL, 14),
(94, 111, 'Vivo', 'Y20 4GB 64GB', 'WHITE', '869685053417976', '869685053417976', '2020-11-24', 12990, 'Loan', '4008247561', 'HOME CREDIT', 7, 5000, '6', '6', '2020-12-15', '2021-05-15', '2020-12-10', NULL, 1, 'CUSTOMER IS REFRENCE OF BHALCHANDRA FROM AKSHAY NIWAS ROOM NO 8 NEXT TO RASHMIS HOME.\n\nWE GIVE THEM DIWALI GIFT\n\nBILL NO 2090 BOOK NO 21', NULL, 14),
(95, 112, 'Samsung', 'A21S 4GB 64GB', 'BLUE', '352901870844399', '352901870844399', '2020-11-24', 15000, 'Loan', '4008250666', 'HOME CREDIT', 10, 4000, '6', '6', '2020-12-15', '2021-05-15', '2020-12-08', NULL, 2, 'THIS CUSTOMER IS OUR EXSTING CUSTOMER HE ALREDY TAKING A PHONE FROM US ', NULL, 14),
(96, 113, 'Vivo', 'Y20 4GB 64GB', 'NO IDEA', '869685053418958', '869685053418958', '2020-11-24', 12990, 'Loan', '0336858063', 'IDFC FIRST', 12240, 0, '8', '8', '2020-12-02', '2021-07-02', '2020-12-09', NULL, 1816, 'SANDEEP MOHITE IS THE CUSTOMER WHO COME FROM SIDDHIVINAYAK AND THEN THEY ARE COMING TO US. AND ALSO THEY COLESLY KNEW TO SIDDHU.', NULL, 14),
(97, 115, 'Oppo', 'A53 4GB 64GB', 'WHITE', '860694055680093', '860694055680093', '2020-11-25', 12990, 'Loan', 'A7622147', 'BAJAJ FINANCE', 12361, 400, '7', '7', '2020-12-02', '2021-06-20', '2020-11-30', NULL, 1856, 'CUSTOMER IS KNEW TO MUKESH FROM LAST 4 YEARS.THEY BUY THIS PRODUCT FOR THEM FRIEND.', NULL, 14),
(98, 118, 'MICROMAX', 'BASAIC X419', 'BLACK', '352001112931615', '352001112931614', '2020-11-25', 1400, 'Cash', NULL, NULL, NULL, NULL, NULL, NULL, NULL, NULL, NULL, NULL, NULL, 'Kisan ne 1600 price sangitali nantr customer barginig kart hote tevha tyane 1500 keli. nantr 1450 kele. mg customer ne round figure karayli sangitali tevha kisan ne 1400 la mobile dila..', NULL, 14),
(99, 119, 'Vivo', 'Y20i 3GB 64GB', 'BLUE', '864080054898231', '864080054898223', '2020-11-25', 11490, 'Cash', NULL, NULL, NULL, NULL, NULL, NULL, NULL, NULL, NULL, NULL, NULL, 'SHIVRAM REFFRENCE. FIRST 3500RS PAY FROM SHIVRAM. REMAINING AMOUNT PAID ON SWIPE. SARVESH GIVING EARPHONE TO CUSTOMER \nVIVO EARPHONE OFF RS 250 (FOC)\nWE WILL TRYING ON FINANCE SYSTEM BUT LOAN WAS REJECTED SO CUSTOEMR WILL TAKEN ON CASH', NULL, 14),
(100, 121, 'Oppo', 'RENO3PRO 8GB 128GB', 'SKYWHITE', '866830042707136', '866830042707128', '2020-11-26', 24990, 'Loan', 'A18720191', 'BAJAJ FINANCE', 24548, 0, '9', '9', '2021-01-02', '2021-09-02', '2020-12-30', NULL, 2777, 'CUSTOMER IS BROTHER OF EKNATH NAIK WHO BUY PRODUCT FROM US ON BAJAJ FINANCE (8433720161) AND HE ALSO KNOW TO AVINASH PATIL WHO WORKED AT OUR SHOP\n\nWE DONE CUSTOMER LOGIN ON BAJAJ FINANCE BUT THEIR SHOWING SOME ISSUE RELATED TO BAJAJ RCU.....CUSTOMER FIRST BUY THE PRODUCT FROM SAISH ELETRONIC BESIDE OUR SHOP AND HE ENTERD WRONG ELECTRICITY NUMBER AS 35000 SO WE DO ALL PROCESS THEN AT A TIME OF DO THEIRE SHOWING RCU REJECT..THEN RCU PERSON CALL TO CUSTOMER AND VERIFIED ALL THE DETAILS RELETED TO CUSTOMER ADDRESS AND ALL THEN FILE WILL CLEARED....CUSTOMER ALSO WAIT AND APPRICEATE TO OUR WORK AND CUSTOMER WIFE ALSO HAVE AN BAJAJ CARD.', NULL, 14),
(101, 122, 'ONEPLUS', 'NORD 8GB 128GB', 'GRAY ', '865295059405910', '865295059405902', '2020-11-26', 29000, 'Loan', '4008591605', 'HOME CREDIT', 14, 14000, '6', '6', '2021-01-02', '2021-06-02', '2020-12-26', NULL, 2, 'CUSTOMER IS REFFRENCE OF SACHIN KALASKAR AND WE DONE THEM LOGIN ON HCI WITH REFRENCE OF SACHIN KALASKAR..CUSTOMER TAKING THE PHONE FOR HIS HUSBAND..ONE DAY BEFORE THEY ARE COME WITH SACHIN KALSALKAR AND THEN THE DAY AFTER THEY COME WITH THERE WIFE AND BUY THE PRODUCT AND THEY ALSO HAVE AN SHOP AT MAITRI POOJA OPP NIKHIL SALOON OF BEAN BAGS', NULL, 14),
(102, 123, 'Oppo', 'F17 8GB 128GB', 'BLUE', '868015055969033', '868015055969025', '2020-11-26', 18490, 'Loan', '0337562594', 'IDFC FIRST', 11999, 6500, '10', '7', '2021-01-02', '2021-07-02', '2020-12-31', NULL, 1839, 'CUSTOMER IS REFFRENCE OF RACHIT PATIL MANVELPADA GAON AND THIS CUSTOMER ALSO KNOW TO NITIN POKALE...\n\nFIRST CUSTOMER GOING TO GALA MOBILE BYMISTAKLY AND THEY DONE HIM LOGIN ON IDFC BUT THEY NOT BUY FROM THEIR BECAUSE OF MORE EMI AND DP LOGIN THEY DO FOR V20 SE 8GB 128GB\n\nLOGIN DONE BY BOTH SHOP PRATHMESH TAMBE', NULL, 14),
(103, 126, 'Oppo', 'A15 2GB 32GB', 'OTHER', '863769054333493', '863769054333493', '2020-11-28', 9000, 'Cash', NULL, NULL, NULL, NULL, NULL, NULL, NULL, NULL, NULL, NULL, NULL, 'customer is exchange their phone for rs 1000 samsung j1 4g \n\nand pay 8000 in cash ', NULL, 14),
(104, 116, 'Vivo', 'Y91i 3GB 32GB', 'OCEAN BLUE', '861437054194578', '861437054194560', '2020-11-28', 8490, 'Cash', NULL, NULL, NULL, NULL, NULL, NULL, NULL, NULL, NULL, NULL, NULL, 'THIS CUSTOMER IS TAKING THE PHONE ON SANDESH WHO KNEW TO  SHUBHAM JANGAM ON CREDIT CARD EMI AND EMI SWIPE ON KUSHAL MACHINE ON 15TH NOV 2020 \n\n\nBILL NO 2094\n ', NULL, 14),
(105, 127, 'Vivo', 'Y91i 3GB 32GB', 'BLUE', '861437053339794', '861437053339794', '2020-11-28', 8490, 'Cash', NULL, NULL, NULL, NULL, NULL, NULL, NULL, NULL, NULL, NULL, NULL, 'CUSTOMER SAYS HE DONT HAVE GOOGLE PAY AND ALL THEN HE TELLING US TO SWIPE THE ENTIRE AMOUNT WITHOUT ANY CHARGES SO WE CONVENCE THEM TO GIVE CASH OR TRANSFER THEN I ASK THEM WHICH ACCOUNT YOU ARE USING NOW SO THEY TELL ICICI A/C THEM I TELL THEM TRANSFER ME ON MY ICICI ACCOUT AND GIVE THEM MY ACCOUNT NO ', NULL, 14),
(106, 128, 'Oppo', 'A15 3GB 32GB', 'BLUE', '863769052081755', '863769052081755', '2020-11-28', 9990, 'Cash', NULL, NULL, NULL, NULL, NULL, NULL, NULL, NULL, NULL, NULL, NULL, 'SANDEEP KAMBLE IS OUR EXSTING CUSTOMER AND HE TAKING THE PHONE ON CASH FOR HIS FRIENDS RELATIVE(FEMALE GIRL)', NULL, 14),
(107, 129, 'Vivo', 'Y20 4GB 64GB', 'WHITE', '868894056266890', '868894056266890', '2020-11-28', 12990, 'Loan', 'A6960351', 'BAJAJ FINANCE', 8464, 4000, '10', '7', '2020-12-02', '2021-06-02', '2020-11-26', NULL, 1299, 'CUSTOMER IS MUKESH JIJU', NULL, 14),
(108, 130, 'Vivo', 'Y11 3 GB 32GB', 'AGATE RED', '866676052564135', '866676052564127', '2020-11-28', 9490, 'Cash', NULL, NULL, NULL, NULL, NULL, NULL, NULL, NULL, NULL, NULL, NULL, NULL, NULL, 14),
(109, 131, 'Vivo', 'Y20i 3GB 64GB', 'BLUE', '864080054895559', '864080054895542', '2020-11-28', 11500, 'Loan', '4008646131', 'HOME CREDIT', 11500, 0, '6', '6', '2021-01-04', '2021-06-04', '2020-12-10', NULL, 2115, 'CUSTOMER TAKING 2 PHONE TOGHETHER i.e VIVO Y20i 3GB 64GB WORTH RS 11490 AND OPPO A15 3GB 32GB WORTH RS 10500 ON LOAN\n\nCUSTOMER TAKING THE PHONE(OPPO A15 3GB 32GB) FOR HIS FRIEND DEELIP SASANE  7798258156\n\nWE EXPLAIN THEM THE EMI OF INDIVIDUAL', 'ENTRY DONE BY MUKESH', 14),
(110, 131, 'Oppo', 'A15 3GB 32GB', 'BLACK', '863769051073472', '863769051073472', '2020-11-28', 10500, 'Loan', '4008646131', 'HOME CREDIT', 8500, 2000, '6', '6', '2020-12-10', '2021-05-10', '2020-12-10', NULL, 1637, 'CUSTOMER TAKING TWO PHONE TOGHETHER AND WE ARE EXPLAIN THEM ALL THE MATERS REGARDING LOAN IN PREVIOUS ENTRY', NULL, 14),
(111, 132, 'Vivo', 'V20 8GB 128GB', 'SUNSET MELODY', '869329050460099', '869329050460099', '2020-11-28', 24990, 'Loan', '0337564851', 'IDFC FIRST', 16284, 8700, '10', '7', '2021-01-02', '2021-07-02', '2020-12-10', NULL, 2489, 'CUSTOMER IS LEAVING AT YOUNGSTAR MITRA MANDAL..WE DONE LOGIN ON 26 AND HE COME AFTER SELLING IS OLD PHONE VIVO V11 TO HIS FRIEND FOR RS 7000 AND THIS AMT PAY TO SHOP AND REMAING AMOUT PAID TO TH DECMBER 2020', 'MUKESH', 14),
(112, 133, 'Vivo', 'Y50 8GB 128GB', 'WHITE', '866072047517174', '866072047517166', '2020-11-29', 16490, 'Loan', '4008649735', 'HOME CREDIT', 11, 5000, '6', '6', '2021-01-05', '2021-06-05', '2020-12-25', NULL, 2, 'CUSTOMER IS REFRENCE OF AKSHAY GURAV AND YOGESH GURAV WE DONE LOGIN ON HCI AND INFORM TO CUSTOMER NOT TO   TELL  ANYTHING TO CUSTOMER CARE REGARDING ADDRESS BECAUSE WE DONE LOGIN ON HIS VILLAGE ADDRESS.\n\nRENTED HOUSE', 'MUKESH', 14),
(113, 135, 'Oppo', 'A53 4GB 64GB', 'BLACK', '860694056704173', '860694056704173', '2020-11-29', 12990, 'Loan', '0337703691', 'IDFC FIRST', 8164, 4800, '10', '7', '2021-01-02', '2021-07-02', '2020-12-29', NULL, 1353, 'CUSTOMER IS COME WITH PRASAD VELYE BEFOR COMING PRASAD CALLING ME FOR 0 DP SO I SUGGEST THEM TO COME AND WE WILL TRY FOR 0 DP \n\nAFTER COMING WE TRY FOR DEBIT CARD EMI BUT THEY DONT HAVE AN LIMIT THEN WE DO THE LOGIN ON HCI  BUT FILE WAS CANCEL AND SHOWING THAT TRY AGAIN WITH INTREST RATE PRODUCT SO THATS Y WE DO LOGIN ON IDFC FIRST AND TAKING HDFC BANKSTATEMENT AS AN ADDRESS PROOF....', 'MUKESH', 14),
(114, 136, 'Oppo', 'A11K 2GB 32GB', 'SILVER', '865236048723278', '865236048723260', '2020-12-04', 8500, 'Cash', NULL, NULL, NULL, NULL, NULL, NULL, NULL, NULL, NULL, NULL, NULL, NULL, NULL, 14),
(115, 137, 'Vivo', 'V20 8GB 128GB', 'moonlight sonata', '869329059274632', '869329059274624', '2020-12-04', 24990, 'Loan', '4008286461', 'HOME CREDIT', 14, 10, '7', '6', '2020-12-15', '2021-05-15', '2021-01-08', NULL, 2, 'CUSTOMER COMING FROM MORBI 3 AND THEY TRY THERE BUT MORBI DONT HAVE AN HOME CREDIT SO LOGIN OF CUSTOMER IS NOT DONE TO THEIR. SO RAJESH PAWAR BROTHER OF CUSTOMER ALREADY PURCHASE A PRODUCT FROM US SO THEY TELL HIM TO COME HERE SO WE DO LOGIN THE CUSTOMER ON HOME CREDIT AND LOAN WERE PASS\n\nBILL NO 2103 ', 'MUKESH', 14),
(116, 138, 'Vivo', 'Y91i 3GB 32GB', 'BLACK', '861437053326395', '861437053326395', '2020-12-04', 9000, 'Loan', '0336904833', 'IDFC FIRST', 12909, 5000, '8', '6', '2021-01-02', '2021-06-02', '2020-12-31', NULL, 2463, 'CUSTOMER TAKING 2 VIVO Y91i 3GB 32 GB WE GIVE THEM ONE PHONE AT 9000 BOTH THE PHONE WE DO ON IDFC FIRST..SECOND PHONE TAKING FOR SUHAS KUDARKAR 9226944521\n WE DO SECOND ENTRY ON SAME NAME BUT BILL DONE ON SUHAS KUDARKAR\n \nBILL  NO 2014 AND 2015', NULL, 14),
(117, 138, 'Vivo', 'Y91i 3GB 32GB', 'FUSION BLACK', '868964052982095', '868964052982087', '2020-12-04', 9000, 'Loan', '0336904833 ', 'IDFC FIRST', 12909, 0, '8', '6', '2021-01-02', '2021-06-02', '2020-12-31', NULL, 2463, 'CUSTOMER TAKING 2 PHONE ON IDFC LOGIN DONE ON RAVINDRA MANDAVKAR ON IDFC FIRST\n\nBILL NO 2105', 'MUKESH', 14),
(118, 139, 'Vivo', 'Y20i 3GB 64GB', 'WHITE', '864080053404270', '864080053404270', '2020-12-05', 11490, 'Loan', '4008802475', 'HOME CREDIT', 10, 1, '7', '6', '2021-01-05', '2021-06-05', '2020-12-31', NULL, 2, 'CUSTOMER IS TAKING LOAN IN 2ND APRIL 2020 3902444954\n\nAND ON 5TH DECEMBER 2020 TEHY ARE COMING TO BUY PRODUCT FOR RS 10000 BUT WE SUGGEST THEM TO BUY PRODUCT WORTH RS 11500 ON HCI BECAUSE OF YOU DONT PAY EXTRA INTREST...\nWE DONE THERE LOGIN ON HCI AS GIFT HBO NOT INCLUD SP CHARGES \nTHEY DO 1000 DP FROM PHONE PAY\n\nCUSTOMER ALSO HAVE AN BAJAJ CARD BUT STILL THEY ARE TAKING ON HCI JUST BECAUSE OF HCI SERVICE IS BEST\n\nWE GIVE THEM EARPHONE THEM AS A GIFT \n\nLOGIN DONE BY MUKESH AND HANDLE BY MUKESH PHOTO CLICK BY KISAN\nBILL NO  2195', 'CUSTOMER IS HAPPY WITH US', 14),
(119, 141, 'Vivo', 'Y11 3GB 32GB', 'BLUE', '866676053183190', '866676053183182', '2020-12-05', 9500, 'Cash', NULL, NULL, NULL, NULL, NULL, NULL, NULL, NULL, NULL, NULL, NULL, 'PHONE TAKEN BY THE CUSTOMERS HUSBAND...THE HUSBAND COME WITH THEIR CHILDREN AND TAKING ON CASH...CUSTOMER HANDLE BY RASHMI AND PCS OPEN BY KISAN MALI \nPAYMENT ADD TO MUKESH AIRTEL PAYMENT BANK\n\nWE GIVE THEM EARPHONE AS A GIFT\nBILL NO 2194', 'CUSTOMER COMING 2 TIMES IN  SAME DAY ', 14),
(120, 142, 'Vivo', 'Y20 4GB 64GB', 'BLUE', '869685052134119', '869685052134101', '2020-12-05', 12990, 'Loan', 'A41711261', 'BAJAJ CARD', 8265, 4500, '10', '7', '2021-01-02', '2021-07-02', '2020-12-31', NULL, 1299, 'CUSTOMER IS TAKING PHONE FROM US AND BUY AIRTEL SIM 7558513642\n\nWE GIVE THEM FOC AS EARPHONE VIVO\n CUSTOMER HAVE AN BAJAJ CARD\n\nBILL NO 2196', NULL, 14),
(121, 143, 'Vivo', 'Y20 4GB 64GB', 'BLACK', '868894052041610', '868894052041610', '2020-12-08', 12990, 'Loan', '4008889292', 'HOME CREDIT', 8, 3900, '6', '6', '2021-01-08', '2021-06-08', '2021-01-03', NULL, 1, 'CUSTOMER IS LIVING AT MUKESH AREA BUT NOW HE SHIFTED TO ANOTHER ADDRESSS AND HE PAY THE 3500 TO ME AND REMAING AMOUNT 400 HE WILL PAY WITH FIRST EMI TO ME...AND HE KNEW IN OUR AREA AS BASHIR...\n\nBILL NO 2308', 'ENTRY DONE BY MUKESH', 14),
(122, 144, 'Vivo', 'Y20i 3GB 64GB', 'NEBULA BLUE', '864080050694394', '864080050694386', '2020-12-27', 11490, 'Loan', '123', 'BAJAJ FINANCE', 11490, 0, '8', '8', '2021-02-02', '2021-09-02', '2021-02-02', NULL, 1437, 'CUSTOMER IS HAPPY WITH US AND THEY FIRSTLY GOING TO GALA MOBILE BUT THEY ARE NOT ATTENDING PROPER  TO CUSTOMER THEN THEY ARE GOING TO HOME FROM GALA MOBILE AND SUDDENLY THEY SAW OUR SHOP AND COME TO US AND TEKING THE PHONE ON BAJAJ FINANCE', NULL, 14),
(123, 144, 'Vivo', 'Y20i 3GB 64GB', 'NEBULA BLUE', '864080050694394', '864080050694386', '2020-12-27', 11490, 'Loan', '123', 'BAJAJ FINANCE', 11490, 0, '8', '8', '2021-02-02', '2021-09-02', '2021-02-02', NULL, 1437, 'CUSTOMER IS HAPPY WITH US AND THEY FIRSTLY GOING TO GALA MOBILE BUT THEY ARE NOT ATTENDING PROPER  TO CUSTOMER THEN THEY ARE GOING TO HOME FROM GALA MOBILE AND SUDDENLY THEY SAW OUR SHOP AND COME TO US AND TEKING THE PHONE ON BAJAJ FINANCE', NULL, 14),
(124, 145, 'Realme', 'C15 4GB 64GB', 'SILVER', '866718050826635', '866718050826635', '2020-12-28', 10500, 'Cash', NULL, NULL, NULL, NULL, NULL, NULL, NULL, NULL, NULL, NULL, NULL, 'EXSITING CUSTOMER BUY TWO MOBILE TOGHETHER \n \nBILL NO 2388', NULL, 14),
(125, 145, 'TECHNO', 'SPARK GO 2020 KE5', 'WHITE', '359966600406309', '359966600406309', '2020-12-28', 7500, 'Cash', NULL, NULL, NULL, NULL, NULL, NULL, NULL, NULL, NULL, NULL, NULL, 'BILL NO 2234', NULL, 14),
(126, 146, 'MICROMAX', 'BASAIC X419', 'BLACK', '352001112932217', '352001112932217', '2020-12-28', 1200, 'Cash', NULL, NULL, NULL, NULL, NULL, NULL, NULL, NULL, NULL, NULL, NULL, 'BILL NO 2387', NULL, 14),
(127, 147, 'MICROMAX', 'BASIC X381', 'BLACK', '352324113143810', '352324113143816', '2020-12-28', 1100, 'Cash', NULL, NULL, NULL, NULL, NULL, NULL, NULL, NULL, NULL, NULL, NULL, '\nBILL NO 2386', NULL, 14),
(128, 148, 'Oppo', 'F17 6GB 128GB', 'ORANGE', '866450051394195', '866450051394195', '2020-12-28', 1690, 'Loan', '0339845432', 'IDFC FIRST BANK', 13563, 3500, '7', '6', '2021-02-02', '2021-07-02', '2021-01-25', NULL, 2428, 'SANTOSH GAUD IS OUR EXSTING CUSTOMER AND THEY BUY THIS PRODUCT FOR ANOTHER BROTHER \n\nBILL NO 2385', NULL, 14),
(129, 149, 'Oppo', 'A15 3GB 32GB', 'BLACK', '862853058397133', '862853058397133', '2020-12-28', 9990, 'Loan', '0339844186', 'IDFC FIRST BANK', 9293, 700, '6', '6', '2021-02-02', '2021-07-02', '2021-01-25', NULL, 1833, 'RAORANE IS OUR EXSTING CUSTOMER AND THIS CUSTOMER IS COMING WITH RAORANE \n\nWE GENERATE THEM CANERA BANK NETBANKING\n\nGIVE EARPHONE AS AND GIFT/FOC\n\nBILL NO 2384', NULL, 14),
(130, 150, 'Vivo', 'Y20 4GB 64GB', 'BLACK', '869047059067430', '869047059067430', '2020-12-28', 12990, 'Loan', '4009415630', 'HOME CREDIT', 11, 1, '7', '6', '2021-02-04', '2021-07-04', '2021-01-26', NULL, 2484, NULL, NULL, 14),
(131, 1, 'Oppo', 'F5', 'white', '2323', '3232', '2020-07-15', 22000, 'Cash', NULL, NULL, NULL, NULL, NULL, '', NULL, NULL, NULL, NULL, NULL, 'rtr', 'qww', 1),
(132, 1, 'Oppo', 'F5', 'white', '2323', '3232', '2020-07-15', 22000, 'Cash', NULL, NULL, NULL, NULL, NULL, '', NULL, NULL, NULL, NULL, NULL, 'rt', 'qww', 1);

-- --------------------------------------------------------

--
-- Table structure for table `stock`
--

CREATE TABLE `stock` (
  `id` int(11) NOT NULL,
  `brand` int(11) NOT NULL,
  `model` int(11) NOT NULL,
  `color` varchar(255) NOT NULL,
  `purchase_date` datetime NOT NULL,
  `price` float NOT NULL,
  `quantity` int(11) DEFAULT 1,
  `date` timestamp NOT NULL DEFAULT current_timestamp(),
  `user` int(11) NOT NULL,
  `imei1` varchar(555) NOT NULL,
  `imei2` varchar(555) NOT NULL,
  `soldstatus` tinyint(1) NOT NULL DEFAULT 0
) ENGINE=InnoDB DEFAULT CHARSET=utf8mb4;

--
-- Dumping data for table `stock`
--

INSERT INTO `stock` (`id`, `brand`, `model`, `color`, `purchase_date`, `price`, `quantity`, `date`, `user`, `imei1`, `imei2`, `soldstatus`) VALUES
(1, 3, 3, 'Black', '2020-07-15 00:00:00', 15999, 5, '2020-06-21 15:26:19', 1, 'imei1', 'imei2', 1),
(2, 9, 5, 'Red', '2020-07-15 00:00:00', 5000, 2, '2020-06-21 16:03:30', 1, 's11', 's22', 1),
(3, 6, 6, 'Silver', '2020-07-15 00:00:00', 22500, 4, '2020-06-21 16:06:40', 1, 'o11', 'o22', 0),
(4, 1, 7, 'White', '2020-07-16 00:00:00', 17990, 1, '2020-06-21 16:12:19', 1, 'vv11', 'vv22', 0),
(5, 1, 8, 'Black', '2020-07-19 00:00:00', 27990, 2, '2020-06-21 16:14:14', 1, 'vvv11', 'vvv22', 0),
(6, 2, 9, 'white', '2020-08-01 13:06:59', 55000, NULL, '2020-08-01 13:10:33', 1, 'app1', 'app2', 1),
(7, 10, 10, 'Black', '2020-09-01 17:28:50', 35000, NULL, '2020-09-01 17:32:35', 1, 'oneplus1', 'pneplus12', 0),
(8, 11, 11, 'Black', '2020-09-01 17:51:01', 13000, NULL, '2020-09-01 17:51:51', 1, 'realme1', 'realme12', 0),
(9, 10, 12, 'Black', '2020-09-02 07:30:05', 35000, NULL, '2020-09-02 07:31:00', 1, 'op1', 'op12', 0),
(10, 1, 7, 'Red', '2020-08-30 00:00:00', 22000, NULL, '2020-09-02 07:38:48', 1, 'im1', 'im12', 0),
(11, 5, 13, 'BLUE', '0000-00-00 00:00:00', 18999, NULL, '2020-09-17 08:18:24', 2, '12345123456', '12345123457', 1),
(12, 5, 13, 'BLUE', '0000-00-00 00:00:00', 18999, NULL, '2020-09-17 08:19:22', 2, '12345123456', '12345123457', 1),
(13, 5, 13, 'BLUE', '0000-00-00 00:00:00', 18999, NULL, '2020-09-17 08:19:23', 2, '12345123456', '12345123457', 1),
(14, 5, 13, 'BLUE', '0000-00-00 00:00:00', 18999, NULL, '2020-09-17 08:30:04', 14, '987456123', '987456231', 0),
(15, 1, 7, 'blue', '0000-00-00 00:00:00', 16990, NULL, '2020-10-13 07:10:27', 14, '84469575846989', '84469575846985', 0),
(16, 1, 7, 'blue', '0000-00-00 00:00:00', 16990, NULL, '2020-10-14 15:52:17', 14, '8465925895', '8569568547', 0),
(17, 14, 14, 'white', '0000-00-00 00:00:00', 16990, NULL, '2020-10-14 15:54:02', 14, '8465925895', '860030044772254', 0),
(18, 1, 7, 'BLUE', '0000-00-00 00:00:00', 16990, NULL, '2020-10-14 15:55:05', 14, '123456789', '789456123', 0),
(19, 6, 6, 'DEEP BLUE', '0000-00-00 00:00:00', 16990, NULL, '2020-10-14 15:56:02', 14, '123', '456', 0),
(20, 1, 15, 'EMERALD BLACK', '2020-11-01 00:00:00', 13990, NULL, '2020-11-01 09:09:09', 14, '866001043580332', '866001043580324', 0),
(21, 1, 15, 'DAZZLE BLUE', '2020-11-01 00:00:00', 13990, NULL, '2020-11-01 09:10:32', 14, '865541048397092', '865541048397084', 1),
(22, 1, 16, 'BLAZE BLUE', '2020-11-01 00:00:00', 17990, NULL, '2020-11-01 09:11:20', 14, '865769047487230', '865769047487222', 0),
(23, 1, 17, 'MYSTIC BLACK', '2020-11-01 00:00:00', 18990, NULL, '2020-11-01 09:12:28', 14, '869264044649475', '869264044649467', 1),
(24, 1, 18, 'MIDNIGHT OCEAN BLACK', '2020-11-01 00:00:00', 24990, NULL, '2020-11-01 09:13:18', 14, '865796045937858', '865796045937841', 0),
(25, 1, 20, 'SUNSET MELODY', '2020-11-01 00:00:00', 24990, NULL, '2020-11-01 09:14:41', 14, '869329054608354', '869329054608347', 1),
(26, 1, 21, 'MINERAL BLUE', '2020-11-01 00:00:00', 9990, NULL, '2020-11-01 09:16:05', 14, '866043050535056', '866043050535049', 0),
(27, 1, 21, 'AGATE RED', '2020-11-01 00:00:00', 9990, NULL, '2020-11-01 09:17:08', 14, '866043055065992', '866043055065984', 1),
(28, 1, 22, 'OBSIDIAN BLACK', '2020-11-01 00:00:00', 12990, NULL, '2020-11-01 09:18:26', 14, '868894059784394', '868894059784386', 1),
(29, 1, 22, 'PURIST BLUE', '2020-11-01 00:00:00', 12990, NULL, '2020-11-01 09:19:05', 14, '868894059730496', '868894059730488', 1),
(30, 1, 22, 'OBSIDIAN BLACK', '2020-11-01 00:00:00', 12990, NULL, '2020-11-01 09:19:50', 14, '868894059763117', '868894059763109', 1),
(31, 1, 23, 'DAWN WHITE', '2020-11-01 00:00:00', 11490, NULL, '2020-11-01 09:20:39', 14, '863979058328254', '863979058328247', 1),
(32, 1, 23, 'DAWN WHITE', '2020-11-01 00:00:00', 11490, NULL, '2020-11-01 09:21:38', 14, '863979059794314', '863979059794306', 1),
(33, 1, 24, 'FUSION BLACK', '2020-11-01 00:00:00', 7990, NULL, '2020-11-01 09:22:26', 14, '868964057938795', '868964057938787', 0),
(34, 1, 24, 'FUSION BLACK', '2020-11-01 00:00:00', 7990, NULL, '2020-11-01 09:23:42', 14, '868964056581372', '868964056581364', 0),
(35, 1, 24, 'OCEAN BLUE', '2020-11-01 00:00:00', 7990, NULL, '2020-11-01 09:25:26', 14, '860009051449593', '860009051449585', 0),
(36, 1, 24, 'FUSION BLACK', '2020-11-01 00:00:00', 7990, NULL, '2020-11-01 09:26:06', 14, '868964056585431', '868964056585423', 0),
(37, 1, 25, 'OCEAN BLUE', '2020-11-01 00:00:00', 8990, NULL, '2020-11-01 09:26:53', 14, '868964052130877', '868964052130869', 1),
(38, 1, 25, 'FUSION BLACK', '2020-11-01 00:00:00', 8990, NULL, '2020-11-01 09:27:38', 14, '868964052982095', '868964052982087', 1),
(39, 6, 26, 'NAVY BLUE', '2020-11-01 00:00:00', 18990, NULL, '2020-11-01 09:28:51', 14, '864991054096750', '864991054096743', 0),
(40, 6, 27, 'NAVY BLUE', '2020-11-01 00:00:00', 16990, NULL, '2020-11-01 09:29:32', 14, '864991058314811', '864991058314803', 1),
(41, 6, 27, 'DYNAMIC ORANGE', '2020-11-01 00:00:00', 16990, NULL, '2020-11-01 09:30:13', 14, '868015051694791', '868015051694783', 1),
(42, 6, 28, 'MATTE BLACK', '2020-11-01 00:00:00', 22990, NULL, '2020-11-01 09:31:08', 14, '869581058278374', '869581058278366', 0),
(43, 6, 29, 'ELECTRIC BLACK', '2020-11-01 00:00:00', 15490, NULL, '2020-11-01 09:32:00', 14, '862906059686019', '862906059686001', 1),
(44, 6, 29, 'ELECTRIC BLACK', '2020-11-01 00:00:00', 15490, NULL, '2020-11-01 09:32:42', 14, '862906059718879', '862906059718861', 1),
(45, 6, 30, 'MINT CREAM', '2020-11-01 00:00:00', 11990, NULL, '2020-11-01 09:33:57', 14, '864858051028153', '864858051028146', 0),
(46, 6, 31, 'DYNAMIC BLACK', '2020-11-01 00:00:00', 10490, NULL, '2020-11-01 09:35:05', 14, '868987052794053', '868987052794046', 0),
(47, 6, 31, 'DYNAMIC BLACK', '2020-11-01 00:00:00', 10490, NULL, '2020-11-01 09:35:59', 14, '868987054269831', '868987054269823', 1),
(48, 6, 31, 'DYNAMIC BLACK', '2020-11-01 00:00:00', 10490, NULL, '2020-11-01 09:36:42', 14, '868987053615935', '868987053615927', 0),
(49, 6, 32, 'BLUE', '2020-11-01 00:00:00', 9990, NULL, '2020-11-01 09:37:23', 14, '865236042602775', '865236042602767', 1),
(50, 6, 32, 'BLUE', '2020-11-01 00:00:00', 9990, NULL, '2020-11-01 09:37:57', 14, '865236042925176', '865236042925168', 0),
(51, 6, 33, 'FLOWING SILVER', '2020-11-01 00:00:00', 8490, NULL, '2020-11-01 09:38:59', 14, '866324047010191', '866324047010183', 0),
(52, 6, 33, 'FLOWING SILVER', '2020-11-01 00:00:00', 8490, NULL, '2020-11-01 09:39:36', 14, '866324047211757', '866324047211740', 0),
(53, 11, 34, 'VOLCANO GRAY', '2020-11-01 00:00:00', 10490, NULL, '2020-11-01 09:40:50', 14, '860287048654299', '860287048654281', 0),
(54, 11, 35, 'FUSION BLUE', '2020-11-01 00:00:00', 13000, NULL, '2020-11-01 09:42:04', 14, '867726044110254', '867726044110247', 1),
(55, 11, 36, 'MIST BLUE', '2020-11-01 00:00:00', 15500, NULL, '2020-11-01 09:43:21', 14, '869577056907295', '869577056907287', 0),
(56, 11, 36, 'MIST WHITE', '2020-11-01 00:00:00', 15500, NULL, '2020-11-01 09:43:55', 14, '868696054124272', '868696054124264', 1),
(57, 11, 36, 'MIST BLUE', '2020-11-01 00:00:00', 15500, NULL, '2020-11-01 09:44:35', 14, '869577056909655', '869577056909648', 0),
(58, 15, 37, 'GRAY ', '2020-11-01 00:00:00', 28500, NULL, '2020-11-01 09:45:29', 14, '865295059405910', '865295059405902', 1),
(59, 8, 38, 'GOLD', '2020-11-01 00:00:00', 15500, NULL, '2020-11-01 09:46:36', 14, '356480081628897', '356480081628905', 0),
(60, 16, 39, 'SEA BLUE', '2020-11-01 00:00:00', 9000, NULL, '2020-11-01 09:48:13', 14, '867936040982941', '867936040982958', 0),
(61, 16, 39, 'NATURE GREEN', '2020-11-01 00:00:00', 9000, NULL, '2020-11-01 09:48:45', 14, '867936041172187', '867936041172195', 1),
(62, 16, 40, 'SEA BLUE', '2020-11-01 00:00:00', 8000, NULL, '2020-11-01 09:50:13', 14, '867555057945599', '867555057945607', 0),
(63, 16, 40, 'SEA BLUE', '2020-11-01 00:00:00', 8000, NULL, '2020-11-01 09:50:49', 14, '860786044249376', '860786044249384', 0),
(64, 16, 41, 'MIDNIGHT BLACK', '2020-11-01 00:00:00', 8000, NULL, '2020-11-01 09:52:08', 14, '862851059028012', '862851059028020', 0),
(65, 16, 41, 'SEA BLUE', '2020-11-01 00:00:00', 8000, NULL, '2020-11-01 09:52:42', 14, '860786048951472', '860786048951480', 0),
(66, 16, 42, 'MINT GREEN', '2020-11-01 00:00:00', 10500, NULL, '2020-11-01 09:53:41', 14, '867250054870103', '867250054870111', 0),
(67, 16, 42, 'MATTE BLACK', '2020-11-01 00:00:00', 10500, NULL, '2020-11-01 09:54:27', 14, '867250055249802', '867250055249810', 0),
(68, 16, 43, 'PEBBLE GRAY', '2020-11-01 00:00:00', 13500, NULL, '2020-11-01 09:56:17', 14, '864755051053878', '864755051053886', 1),
(69, 16, 44, 'GOLD', '2020-11-01 00:00:00', 13500, NULL, '2020-11-01 09:57:23', 14, '863118042749131', '863118042749149', 0),
(70, 16, 44, 'BLACK', '2020-11-01 00:00:00', 13500, NULL, '2020-11-01 09:58:11', 14, '865715042352077', '865715042352085', 1),
(71, 16, 45, 'ARORA BLUE', '2020-11-01 00:00:00', 18500, NULL, '2020-11-01 10:02:20', 14, '865528056885415', '865528056885423', 0),
(72, 16, 46, 'SEA BLUE', '2020-11-01 00:00:00', 9000, NULL, '2020-11-01 10:03:10', 14, '860669054733432', '860669054733440', 0),
(73, 16, 47, 'ORANGE', '2020-11-01 00:00:00', 9500, NULL, '2020-11-01 10:03:59', 14, '862543049673615', '862543049673623', 1),
(74, 16, 47, 'ORANGE', '2020-11-01 00:00:00', 9500, NULL, '2020-11-01 10:04:37', 14, '862543041598190', '862543041598208', 0),
(75, 5, 48, 'BLUE', '2020-11-01 00:00:00', 9000, NULL, '2020-11-01 10:05:21', 14, '355688111645357', '355688111645355', 0),
(76, 5, 49, 'BLACK', '2020-11-01 00:00:00', 5500, NULL, '2020-11-01 10:06:07', 14, '354420771543792', '354420771543798', 0),
(77, 5, 50, 'BLACK', '2020-11-01 00:00:00', 8500, NULL, '2020-11-01 10:07:00', 14, '354721111719186', '354722111719184', 0),
(78, 17, 51, 'RED', '2020-11-01 00:00:00', 6000, NULL, '2020-11-01 10:08:06', 14, '358438101858082', '358438101858090', 0),
(79, 5, 52, 'GOLD', '0000-00-00 00:00:00', 1300, NULL, '2020-11-01 11:28:27', 14, '352358700605617', '352358700605617', 0),
(80, 5, 53, 'GOLD', '0000-00-00 00:00:00', 2300, NULL, '2020-11-01 11:29:33', 14, '355508113601754', '355508113601752', 0),
(81, 5, 54, 'GOLD', '0000-00-00 00:00:00', 1500, NULL, '2020-11-01 11:30:32', 14, '353700118359999', '353700118359992', 1),
(82, 5, 54, 'WHITE', '0000-00-00 00:00:00', 1500, NULL, '2020-11-01 11:35:32', 14, '353700112433261', '353700112433264', 1),
(83, 5, 55, 'BLACK', '0000-00-00 00:00:00', 1800, NULL, '2020-11-01 11:36:30', 14, '355609114316358', '355609114316356', 0),
(84, 5, 55, 'BLACK', '0000-00-00 00:00:00', 1800, NULL, '2020-11-01 11:38:21', 14, '355609113987068', '355609113987066', 1),
(85, 18, 56, 'BLUE', '0000-00-00 00:00:00', 1499, NULL, '2020-11-01 11:39:23', 14, '352001112831328', '352001112831327', 0),
(86, 18, 57, 'BLUE', '0000-00-00 00:00:00', 1499, NULL, '2020-11-01 11:40:05', 14, '357138370301571', '357138370301579', 1),
(87, 18, 57, 'BLUE', '0000-00-00 00:00:00', 1499, NULL, '2020-11-01 11:40:35', 14, '357138370301639', '357138370301637', 1),
(88, 18, 58, 'BLUE', '0000-00-00 00:00:00', 1499, NULL, '2020-11-01 11:41:27', 14, '352324112104607', '352324112104607', 1),
(89, 18, 58, 'BLUE', '0000-00-00 00:00:00', 1499, NULL, '2020-11-01 11:41:53', 14, '352324112038953', '352324112038953', 1),
(90, 4, 59, 'BLUE', '0000-00-00 00:00:00', 1300, NULL, '2020-11-01 11:42:52', 14, '357749101301340', '357749101301340', 0),
(91, 4, 60, 'BLACK', '0000-00-00 00:00:00', 1500, NULL, '2020-11-01 11:43:25', 14, '357727103476336', '357727103476336', 0),
(92, 6, 61, 'BLACK', '0000-00-00 00:00:00', 12990, NULL, '2020-11-01 15:17:31', 14, '862906059191838', '862906059191838', 1),
(93, 6, 29, 'BLACK', '0000-00-00 00:00:00', 15490, NULL, '2020-11-01 15:48:47', 14, '862906059685011', '862906059685011', 1),
(94, 1, 22, 'DAWN WHITE', '0000-00-00 00:00:00', 12990, NULL, '2020-11-01 15:56:42', 14, '868894057401330', '868894057401322', 1),
(95, 1, 21, 'AGATE RED', '0000-00-00 00:00:00', 9990, NULL, '2020-11-01 16:07:58', 14, '866676052564135', '866676052564127', 1),
(96, 1, 21, 'BLUE', '0000-00-00 00:00:00', 9990, NULL, '2020-11-01 16:08:33', 14, '866676053177994', '866676053177986', 1),
(97, 6, 61, 'WHITE', '0000-00-00 00:00:00', 12990, NULL, '2020-11-01 16:09:08', 14, '862906059759170', '862906059759162', 1),
(98, 1, 23, 'BLUE', '0000-00-00 00:00:00', 11490, NULL, '2020-11-03 13:30:22', 14, '863979055603576', '863979055603568', 1),
(99, 1, 23, 'BLUE', '0000-00-00 00:00:00', 11490, NULL, '2020-11-03 13:48:19', 14, '863979055603998', '863979055603980', 1),
(100, 16, 39, 'BLUE', '0000-00-00 00:00:00', 9000, NULL, '2020-11-03 15:37:02', 14, '867936041172187', '867936041172187', 0),
(101, 1, 15, 'BLUE', '0000-00-00 00:00:00', 13990, NULL, '2020-11-04 14:02:50', 14, '866001041439150', '866001041439143', 1),
(102, 6, 62, 'MATTE BLACK', '0000-00-00 00:00:00', 22990, NULL, '2020-11-05 06:56:14', 14, '863903053600012', '863903053600004', 1),
(103, 1, 20, 'moonlight sonata', '0000-00-00 00:00:00', 24990, NULL, '2020-11-05 07:03:30', 14, '869329059274632', '869329059274624', 1),
(104, 1, 22, 'blue', '0000-00-00 00:00:00', 12990, NULL, '2020-11-05 07:04:06', 14, '868894056261479', '868894056261461', 1),
(105, 1, 22, 'blue', '0000-00-00 00:00:00', 12990, NULL, '2020-11-05 07:04:43', 14, '868894056262691', '868894056262683', 0),
(106, 1, 23, 'nebula blue', '0000-00-00 00:00:00', 11490, NULL, '2020-11-05 07:05:18', 14, '863979053439056', '863979053439049', 1),
(107, 1, 23, 'DAWN WHITE', '0000-00-00 00:00:00', 11490, NULL, '2020-11-05 07:05:58', 14, '863979054233490', '863979054233482', 0),
(108, 6, 29, 'FAIRY WHITE', '0000-00-00 00:00:00', 12990, NULL, '2020-11-05 07:06:51', 14, '862906057746419', '862906057746401', 0),
(109, 6, 61, 'ELECTRIC BLACK', '0000-00-00 00:00:00', 12990, NULL, '2020-11-05 07:08:12', 14, '860694051882735', '860694051882727', 1),
(110, 6, 61, 'ELECTRIC BLACK', '0000-00-00 00:00:00', 12990, NULL, '2020-11-05 07:08:47', 14, '860694051882735', '860694051882727', 1),
(111, 6, 61, 'ELECTRIC BLACK', '0000-00-00 00:00:00', 12990, NULL, '2020-11-05 07:10:16', 14, '860694051718699', '860694051718681', 0),
(112, 6, 33, 'BLUE', '0000-00-00 00:00:00', 8490, NULL, '2020-11-05 07:14:28', 14, '865236040261335', '865236040261327', 1),
(113, 6, 33, 'BLUE', '0000-00-00 00:00:00', 8490, NULL, '2020-11-05 07:14:37', 14, '865236040261335', '865236040261327', 1),
(114, 16, 47, 'blue', '0000-00-00 00:00:00', 9500, NULL, '2020-11-05 16:05:27', 14, '862228052449836', '862228052449844', 0),
(115, 16, 40, 'green', '0000-00-00 00:00:00', 7000, NULL, '2020-11-05 16:06:24', 14, '860868042403534', '860868042403542', 0),
(116, 16, 40, 'green', '0000-00-00 00:00:00', 7500, NULL, '2020-11-05 16:07:45', 14, '860868044752359', '860868044752367', 0),
(117, 5, 63, 'WHITE AND BLUE', '0000-00-00 00:00:00', 20500, NULL, '2020-11-06 14:51:54', 14, '355390116622883', '355390116622883', 1),
(118, 1, 15, 'BLACK', '0000-00-00 00:00:00', 13990, NULL, '2020-11-08 16:01:50', 14, '865541047831612', '865541047831604', 1),
(119, 11, 65, 'GREEN', '0000-00-00 00:00:00', 7500, NULL, '2020-11-08 16:22:23', 14, '867777049039576', '867777049039576', 1),
(120, 6, 66, 'STARRY NIGHT', '0000-00-00 00:00:00', 34990, NULL, '2020-11-09 13:11:11', 14, '869959042514874', '8699590425148', 1),
(121, 6, 31, 'BLACK', '0000-00-00 00:00:00', 9990, NULL, '2020-11-09 13:12:34', 14, '868987055292634', '868987055292626', 0),
(122, 6, 61, 'BLACK', '0000-00-00 00:00:00', 12990, NULL, '2020-11-09 13:13:04', 14, '860694051718830', '860694051718822', 1),
(123, 6, 61, 'WHITE', '0000-00-00 00:00:00', 12990, NULL, '2020-11-09 13:13:41', 14, '860694054755276', '860694054755268', 1),
(124, 1, 25, 'OCEAN BLUE', '0000-00-00 00:00:00', 8490, NULL, '2020-11-09 13:14:22', 14, '861437054194578', '861437054194560', 1),
(125, 1, 25, 'OCEAN BLUE', '0000-00-00 00:00:00', 8490, NULL, '2020-11-09 13:17:03', 14, '861437056571732', '861437056571724', 1),
(126, 1, 21, 'MINRAL BLUE', '0000-00-00 00:00:00', 9490, NULL, '2020-11-09 13:19:43', 14, '866676058119538', '866676058119520', 1),
(127, 1, 67, 'MINURAL BLUE', '0000-00-00 00:00:00', 9490, NULL, '2020-11-09 13:20:35', 14, '866676053624078', '866676053624060', 1),
(128, 1, 22, 'BLUE', '0000-00-00 00:00:00', 12990, NULL, '2020-11-09 13:24:37', 14, '868894055811977', '868894055811969', 1),
(129, 1, 22, 'BLUE', '0000-00-00 00:00:00', 12990, NULL, '2020-11-09 13:25:26', 14, '868894056254011', '868894056254003', 1),
(130, 1, 17, 'BLACK', '0000-00-00 00:00:00', 18990, NULL, '2020-11-09 13:40:07', 14, '869264045208438', '869264045208420', 0),
(131, 1, 23, 'white', '0000-00-00 00:00:00', 11490, NULL, '2020-11-09 13:41:06', 14, '863979058340275', '863979058340267', 0),
(132, 1, 23, 'white', '0000-00-00 00:00:00', 11490, NULL, '2020-11-09 13:41:46', 14, '863979057102130', '863979057102122', 1),
(133, 16, 40, 'GREEN', '0000-00-00 00:00:00', 7500, NULL, '2020-11-11 04:52:32', 14, '860868044834090', '860868044834108', 0),
(134, 16, 42, 'BLACK', '0000-00-00 00:00:00', 10500, NULL, '2020-11-11 04:53:21', 14, '868918049712882', '868918049712890', 0),
(135, 6, 27, 'BLUE', '0000-00-00 00:00:00', 16990, NULL, '2020-11-11 10:01:26', 14, '864991056944650', '864991056944650', 1),
(136, 6, 61, 'BLACK', '0000-00-00 00:00:00', 12990, NULL, '2020-11-11 12:42:17', 14, '860694051719192', '860694051719184', 1),
(137, 6, 29, 'WHITE', '0000-00-00 00:00:00', 15490, NULL, '2020-11-11 12:49:31', 14, '860694053062674', '860694053062666', 1),
(138, 6, 29, 'BLACK', '0000-00-00 00:00:00', 15490, NULL, '2020-11-11 12:50:42', 14, '860694050131696', '860694050131688', 1),
(139, 6, 27, 'BLUE', '0000-00-00 00:00:00', 16990, NULL, '2020-11-11 12:51:40', 14, '864991057701778', ' 864991057701760', 0),
(140, 6, 62, 'WHITE', '0000-00-00 00:00:00', 22990, NULL, '2020-11-11 12:52:38', 14, '863903052924751', '863903052924744', 1),
(141, 1, 22, 'WHITE', '0000-00-00 00:00:00', 12990, NULL, '2020-11-11 12:53:10', 14, '868894057424738', '868894057424720', 1),
(142, 1, 22, 'BLUE', '0000-00-00 00:00:00', 12990, NULL, '2020-11-11 12:53:42', 14, '868894056261776', '868894056261768', 1),
(143, 1, 22, 'BLACK', '0000-00-00 00:00:00', 12990, NULL, '2020-11-11 12:54:12', 14, '860430050513074', '860430050513066', 1),
(144, 1, 22, 'BLUE', '0000-00-00 00:00:00', 12990, NULL, '2020-11-11 12:54:38', 14, '868894055811258', '868894055811241', 1),
(145, 1, 23, 'WHITE', '0000-00-00 00:00:00', 11490, NULL, '2020-11-11 12:55:09', 14, '863979054234118', '863979054234100', 0),
(146, 1, 23, 'BLUE', '0000-00-00 00:00:00', 11490, NULL, '2020-11-11 12:55:41', 14, '86397903566658', '86397903566641', 0),
(147, 6, 33, 'SILVER', '0000-00-00 00:00:00', 8490, NULL, '2020-11-11 12:56:08', 14, '865236048723278', '865236048723260', 1),
(148, 6, 26, 'NAVY BLUE', '0000-00-00 00:00:00', 18990, NULL, '2020-11-19 11:23:19', 14, '864991056035137', '864991056035129', 0),
(149, 1, 67, 'MINERAL BLUE', '0000-00-00 00:00:00', 9490, NULL, '2020-11-19 11:24:52', 14, '866676053173431', '866676053173423', 0),
(150, 1, 67, 'AGATE RED', '0000-00-00 00:00:00', 9490, NULL, '2020-11-19 11:25:56', 14, '866676052634573', '866676052634565', 0),
(151, 5, 54, 'DARK BLUE', '0000-00-00 00:00:00', 1662, NULL, '2020-11-19 11:28:23', 14, '350561942990307', '356169392990308', 0),
(152, 5, 54, 'WHIGHT', '0000-00-00 00:00:00', 1662, NULL, '2020-11-19 11:29:28', 14, '350561942383370', '356169392383371', 0),
(153, 1, 15, 'BLACK', '2020-11-13 00:00:00', 13990, NULL, '2020-11-20 15:16:08', 14, '865541045004956', '865541045004949', 1),
(154, 1, 20, 'WHITE', '2020-11-13 00:00:00', 24990, NULL, '2020-11-20 15:25:42', 14, '869329050866774', '869329050866766', 1),
(155, 1, 68, 'BLUE', '2020-11-13 00:00:00', 20990, NULL, '2020-11-21 14:48:30', 14, '864433057169953', '864433057169946', 1),
(156, 6, 29, 'BLACK', '2020-11-14 00:00:00', 15490, NULL, '2020-11-21 15:10:08', 14, '862906059259411', '862906059259411', 1),
(157, 6, 61, 'BLACK', '2020-11-14 00:00:00', 12990, NULL, '2020-11-21 15:16:43', 14, '860694055825078', '860694055825078', 1),
(158, 6, 28, 'BLACK', '2020-11-14 00:00:00', 22990, NULL, '2020-11-21 15:37:03', 14, '863903054098596', '863903054098596', 1),
(159, 1, 22, 'BLACK', '0000-00-00 00:00:00', 12990, NULL, '2020-11-21 16:04:11', 14, '869685056177650', '869685056177643', 1),
(160, 6, 31, 'BLUE', '2020-11-14 00:00:00', 9990, NULL, '2020-11-21 16:14:13', 14, '868987055205214', '868987055205214', 1),
(161, 1, 23, 'BLACK', '2020-11-14 00:00:00', 11490, NULL, '2020-11-21 16:21:44', 14, '864080056991752', '864080056991752', 1),
(162, 1, 22, 'WHITE', '2020-11-14 00:00:00', 13000, NULL, '2020-11-21 16:30:48', 14, '869685054481799', '869685054481799', 1),
(163, 1, 23, 'DAWN WHITE', '0000-00-00 00:00:00', 11490, NULL, '2020-11-22 07:35:53', 14, '864080054704470', '864080054704462', 0),
(164, 1, 23, 'DAWN WHITE', '0000-00-00 00:00:00', 11490, NULL, '2020-11-22 07:37:11', 14, '864080054708810', '864080054708802', 0),
(165, 11, 69, 'BLUE', '0000-00-00 00:00:00', 23000, NULL, '2020-11-22 07:38:41', 14, '861504056775298', '861504056775280', 1),
(166, 1, 22, 'BLACK', '0000-00-00 00:00:00', 12990, NULL, '2020-11-22 07:41:05', 14, '869685052444930', '869685052444922', 0),
(167, 1, 22, 'BLUE', '0000-00-00 00:00:00', 12990, NULL, '2020-11-22 07:41:43', 14, '869685052504493', '869685052504485', 0),
(168, 1, 68, 'GREEN', '0000-00-00 00:00:00', 20990, NULL, '2020-11-22 07:42:50', 14, '864433056179615', '864433056179607', 0),
(169, 1, 23, 'WHITE', '2020-11-14 00:00:00', 11490, NULL, '2020-11-24 12:47:54', 14, '864080056625137', '864080056625137', 1),
(170, 6, 61, 'WHITE', '0000-00-00 00:00:00', 12990, NULL, '2020-11-24 12:58:48', 14, '860694055844418', '860694055844418', 1),
(171, 1, 22, 'BLACK', '2020-11-15 00:00:00', 12990, NULL, '2020-11-24 13:13:52', 14, '869685053417976', '869685053417976', 1),
(172, 5, 70, 'BLUE', '2020-11-15 00:00:00', 15000, NULL, '2020-11-24 13:25:18', 14, '352901870844399', '352901870844399', 1),
(173, 1, 22, 'NO IDEA', '2020-11-15 00:00:00', 12990, NULL, '2020-11-24 14:24:48', 14, '869685053418958', '869685053418958', 1),
(174, 6, 33, 'BLUE', '0000-00-00 00:00:00', 8490, NULL, '2020-11-25 12:51:12', 14, '862218041412151', '862218041412144', 0),
(175, 6, 33, 'BLUE', '0000-00-00 00:00:00', 8490, NULL, '2020-11-25 12:51:55', 14, '862218041411716', '862218041411708', 0),
(176, 6, 31, 'BLUE', '0000-00-00 00:00:00', 9990, NULL, '2020-11-25 12:52:36', 14, '863769058217312', '863769058217304', 0),
(177, 6, 31, 'BLACK', '0000-00-00 00:00:00', 9990, NULL, '2020-11-25 12:53:26', 14, '868987055590631', '868987055590623', 0),
(178, 6, 27, 'BLUE', '0000-00-00 00:00:00', 16990, NULL, '2020-11-25 12:54:07', 14, '868015059511930', '868015059511922', 0),
(179, 1, 67, 'RED', '0000-00-00 00:00:00', 9990, NULL, '2020-11-25 12:54:49', 14, '866676052635059', '866676052635042', 0),
(180, 1, 67, 'BLUE', '0000-00-00 00:00:00', 9990, NULL, '2020-11-25 12:55:23', 14, '866676053183190', '866676053183182', 1),
(181, 1, 22, 'BLUE', '0000-00-00 00:00:00', 12990, NULL, '2020-11-25 12:55:55', 14, '869685052134119', '869685052134101', 1),
(182, 1, 23, 'BLUE', '0000-00-00 00:00:00', 11490, NULL, '2020-11-25 12:56:26', 14, '864080054898231', '864080054898223', 1),
(183, 1, 23, 'BLUE', '0000-00-00 00:00:00', 11490, NULL, '2020-11-25 12:56:52', 14, '864080055029232', '864080055029224', 0),
(184, 1, 71, 'WHITE', '0000-00-00 00:00:00', 16490, NULL, '2020-11-25 12:57:43', 14, '866072047517174', '866072047517166', 1),
(185, 6, 61, 'WHITE', '0000-00-00 00:00:00', 12990, NULL, '2020-11-25 13:04:13', 14, '860694055680093', '860694055680093', 1),
(186, 18, 56, 'BLACK', '0000-00-00 00:00:00', 1849, NULL, '2020-11-25 15:35:03', 14, '352001112931615', '352001112931614', 1),
(187, 18, 56, 'BLUE', '0000-00-00 00:00:00', 1849, NULL, '2020-11-25 15:43:05', 14, '352001112831328', '352001112831327', 0),
(188, 6, 72, 'SKYWHITE', '0000-00-00 00:00:00', 24990, NULL, '2020-11-26 09:25:13', 14, '866830042707136', '866830042707128', 1),
(189, 6, 26, 'BLUE', '0000-00-00 00:00:00', 18490, NULL, '2020-11-26 16:04:29', 14, '868015055969033', '868015055969025', 1),
(190, 6, 33, 'SILVER', '2020-11-26 00:00:00', 8490, NULL, '2020-11-28 09:31:48', 14, '865236040281572', '865236040281564', 0),
(191, 6, 33, 'BLUE', '2020-11-26 00:00:00', 8490, NULL, '2020-11-28 09:36:47', 14, '862218041411930', '862218041411922', 0),
(192, 1, 23, 'BLUE', '2020-11-26 00:00:00', 11490, NULL, '2020-11-28 09:38:41', 14, '864080054895559', '864080054895542', 1),
(193, 6, 73, 'BLACK', '2020-11-26 00:00:00', 8990, NULL, '2020-11-28 11:53:32', 14, '863769055296038', '863769055296020', 0),
(194, 6, 74, 'BLACK', '2020-11-26 00:00:00', 8990, NULL, '2020-11-28 11:55:27', 14, '863769055377358', '863769055377341', 0),
(195, 6, 74, 'OTHER', '0000-00-00 00:00:00', 8990, NULL, '2020-11-28 12:03:37', 14, '863769054333493', '863769054333493', 1),
(196, 1, 25, 'BLUE', '2020-11-15 00:00:00', 8490, NULL, '2020-11-28 14:07:26', 14, '861437053339794', '861437053339794', 1),
(197, 6, 31, 'BLUE', '2020-11-15 00:00:00', 10000, NULL, '2020-11-28 14:18:43', 14, '863769052081755', '863769052081755', 1),
(198, 1, 22, 'WHITE', '2020-11-15 00:00:00', 12990, NULL, '2020-11-28 14:39:16', 14, '868894056266890', '868894056266890', 1),
(199, 6, 31, 'BLACK', '0000-00-00 00:00:00', 10000, NULL, '2020-11-28 15:50:24', 14, '863769051073472', '863769051073472', 1),
(200, 1, 20, 'SUNSET MELODY', '0000-00-00 00:00:00', 24990, NULL, '2020-11-28 16:19:10', 14, '869329050460099', '869329050460099', 1),
(201, 6, 61, 'BLACK', '0000-00-00 00:00:00', 12990, NULL, '2020-11-29 15:16:44', 14, '860694056704173', '860694056704173', 1),
(202, 6, 27, 'NAVY BLUE', '0000-00-00 00:00:00', 16990, NULL, '2020-12-01 12:36:31', 14, '866450050043355', '866450050043348', 0),
(203, 6, 26, 'ORANGE', '0000-00-00 00:00:00', 18490, NULL, '2020-12-01 12:37:35', 14, '868015054625198', '868015054625180', 0),
(204, 1, 23, 'NEBULA BLUE', '0000-00-00 00:00:00', 11490, NULL, '2020-12-01 12:39:24', 14, '864080054027971', '864080054027963', 0),
(205, 1, 23, 'WHITE', '0000-00-00 00:00:00', 11490, NULL, '2020-12-01 12:43:26', 14, '864080053411150', '864080053411143', 0),
(206, 1, 25, 'BLACK', '0000-00-00 00:00:00', 9000, NULL, '2020-12-04 19:06:35', 14, '861437053326395', '861437053326395', 1),
(207, 1, 23, 'WHITE', '0000-00-00 00:00:00', 11490, NULL, '2020-12-05 07:39:26', 14, '864080053404270', '864080053404270', 1),
(208, 1, 22, 'BLACK', '0000-00-00 00:00:00', 12990, NULL, '2020-12-08 13:28:55', 14, '868894052041610', '868894052041610', 1),
(209, 1, 23, 'NEBULA BLUE', '0000-00-00 00:00:00', 11490, NULL, '2020-12-27 15:27:06', 14, '864080050694394', '864080050694386', 1),
(210, 11, 75, 'SILVER', '0000-00-00 00:00:00', 10500, NULL, '2020-12-28 15:43:54', 14, '866718050826635', '866718050826635', 1),
(211, 19, 76, 'WHITE', '0000-00-00 00:00:00', 7500, NULL, '2020-12-28 15:47:00', 14, '359966600406309', '359966600406309', 1),
(212, 19, 76, 'WHITE', '0000-00-00 00:00:00', 7500, NULL, '2020-12-28 15:47:01', 14, '359966600406309', '359966600406309', 1),
(213, 18, 56, 'BLACK', '0000-00-00 00:00:00', 1200, NULL, '2020-12-28 15:49:17', 14, '352001112932217', '352001112932217', 1),
(214, 18, 58, 'BLACK', '0000-00-00 00:00:00', 1100, NULL, '2020-12-28 15:51:01', 14, '352324113143810', '352324113143816', 1),
(215, 6, 27, 'ORANGE', '0000-00-00 00:00:00', 16990, NULL, '2020-12-28 15:54:22', 14, '866450051394195', '866450051394195', 1),
(216, 6, 31, 'BLACK', '0000-00-00 00:00:00', 9990, NULL, '2020-12-28 16:16:07', 14, '862853058397133', '862853058397133', 1),
(217, 1, 22, 'BLACK', '0000-00-00 00:00:00', 12990, NULL, '2020-12-28 16:25:01', 14, '869047059067430', '869047059067430', 1),
(218, 1, 7, 'sanchittest', '0000-00-00 00:00:00', 20000, NULL, '2021-01-16 09:13:40', 2, '1231231231231233', '1231231231231230', 0);

-- --------------------------------------------------------

--
-- Table structure for table `user`
--

CREATE TABLE `user` (
  `id` int(11) NOT NULL,
  `name` varchar(555) NOT NULL,
  `first_name` varchar(255) NOT NULL,
  `last_name` varchar(255) NOT NULL,
  `mobile` varchar(15) NOT NULL,
  `alternate_mobile` varchar(15) NOT NULL,
  `current_address` longtext NOT NULL,
  `permanent_address` longtext NOT NULL,
  `role` int(11) NOT NULL,
  `email` varchar(255) NOT NULL,
  `date` timestamp NOT NULL DEFAULT current_timestamp(),
  `dob` date NOT NULL,
  `status` tinyint(1) NOT NULL DEFAULT 1,
  `username` varchar(255) NOT NULL,
  `password` varchar(255) NOT NULL,
  `image` varchar(555) NOT NULL
) ENGINE=InnoDB DEFAULT CHARSET=latin1;

--
-- Dumping data for table `user`
--

INSERT INTO `user` (`id`, `name`, `first_name`, `last_name`, `mobile`, `alternate_mobile`, `current_address`, `permanent_address`, `role`, `email`, `date`, `dob`, `status`, `username`, `password`, `image`) VALUES
(1, 'Vinod Beloshe', 'Vinod', 'Beloshe', '2343434554', '1111111111', 'test add', 'test permenent address', 1, 'vinodbeloshe@test.com', '1991-02-11 18:30:00', '1991-02-12', 1, 'vinod', 'vinod123', '80x80_photo11.png'),
(2, 'Sanchit Sawardekar', 'Sanchit', 'Sawardekar', '8082495670', '', '', '', 2, 'sanchitss07@gmail.com', '1991-02-11 18:30:00', '1001-02-12', 1, 'sanchit', 'sanchit', ''),
(3, 'kisan..satope', 'kisan', 'satope', '8082495670', '1231233213', '', '', 3, 'kisan@test.com', '2020-02-10 12:23:07', '2020-12-31', 1, 'kisan', 'tJIgxbMqYN', ''),
(4, 'vinod..beloshe', 'vinod', 'beloshe', '8082495670', '1231233213', '', '', 3, 'vinodwohlig@gmail.com', '2020-02-10 12:27:53', '2020-12-30', 1, 'vinodb', 'rZO1W9VCaD', ''),
(5, 'akshay..beloshe', 'akshay', 'beloshe', '7030101614', '1111111111', '', '', 3, 'akshay@test.com', '2020-02-27 11:11:36', '1999-12-12', 1, 'akshay.b', 'dOCjiqDH2v', ''),
(7, 'ankite..beloshe', 'ankite', 'beloshe', '1111111111', '2222222222', '', '', 3, 'aniket@test.com', '2020-02-27 11:13:46', '1993-01-12', 1, 'aniketb', 'Bf6wq2OSYJ', ''),
(8, 'pradeep..sabat', 'pradeep', 'sabat', '7898765455', '3245465776', '', '', 3, 'pradeep@test.com', '2020-02-28 14:58:37', '1995-12-31', 1, 'pradeep.s', 'Z30FLPoq9n', ''),
(9, 'mahesh..nair', 'mahesh', 'nair', '6565677877', '4532356777', '', '', 3, 'mahesh@test.com', '2020-02-28 15:00:50', '1996-02-05', 1, 'mahesh.n', 'fwh4PTz0F8', ''),
(12, 'rajesh..shinde', 'rajesh', 'shinde', '4565675757', '5645645646', '', '', 3, 'rajesh@fa.com', '2020-06-27 13:44:41', '2026-12-31', 1, '', 'uwT3Z0fUHt', ''),
(13, 'mahadev..beloshe', 'mahadev', 'beloshe', '5765675675', '5345354345', 'tea', 'pea', 3, 'mahadev@test.com', '2020-06-27 13:53:41', '2021-12-02', 1, '', 'YhQ7yu4x8I', ''),
(14, 'mukesh..shinde', 'mukesh', 'shinde', '1231231231', '1211121212', 'test', 'testing', 1, 'mukeshshinde2015@gmail', '2020-09-01 17:03:24', '1990-09-01', 1, '', 'mukesh', '80x80_photo3.png'),
(15, 'umesh..sarwane', 'umesh', 'sarwane', '4555555555', '', '', '', 3, '', '2020-09-05 13:21:46', '0000-00-00', 1, '', 'sGuXMUPa3R', ''),
(16, 'swapnil..kadale', 'swapnil', 'kadale', '5555555555', '', '', '', 3, '', '2020-09-13 10:17:37', '2010-02-13', 2, '', 'yedt2xoT5q', ''),
(17, 'MUKESH..Shinde', 'MUKESH', 'Shinde', '8446951573', '7028564795', 'ROOM NO 04 SAIBABA NAGAR CHAWL', 'ROOM NO 04 SAIBABA NAGAR CHAWL', 3, 'mukesh', '2020-09-16 08:42:13', '1995-07-04', 1, '', 'ywRSti0EGZ', ''),
(18, 'Sanjeet..sawardekar', 'Sanjeet', 'sawardekar', '9082651108', '', '101 aanandi niwas edulji road charan thane w', '101 aanandi niwas edulji road charan thane w', 3, 'sanjeetsawardekar@gmail.com', '2020-09-17 08:10:31', '2000-02-29', 3, '', 'eo2lXaP3in', ''),
(19, 'SARIKA..GORIWALE', 'SARIKA', 'GORIWALE', '7218112418', '', 'Buildings:\nA/3 MAHESH NIWAS\nFloor number:\n0\nStreet name:\nMANVELPADA ROAD\nLocality:\nVIRAR EAST KARGIL NAGAR VASAI THANE\nLandmark:\nNEAR TEPACHA PADA\nPin code:\n401305\nVillage/Town/City:\nThane\nState:\nMaharashtra\nDistrict:\nThane', 'Buildings:\nA/3 MAHESH NIWAS\nFloor number:\n0\nStreet name:\nMANVELPADA ROAD\nLocality:\nVIRAR EAST KARGIL NAGAR VASAI THANE\nLandmark:\nNEAR TEPACHA PADA\nPin code:\n401305\nVillage/Town/City:\nThane\nState:\nMaharashtra\nDistrict:\nThane', 3, 'sarikagoriwale1986@gmail.com', '2020-10-13 07:21:40', '0000-00-00', 1, '', 'kQTzK1h5Nn', ''),
(20, 'SARIKA..GORIWALE', 'SARIKA', 'GORIWALE', '7218112418', '', 'Buildings:\nA/3 MAHESH NIWAS\nFloor number:\n0\nStreet name:\nMANVELPADA ROAD\nLocality:\nVIRAR EAST KARGIL NAGAR VASAI THANE\nLandmark:\nNEAR TEPACHA PADA\nPin code:\n401305\nVillage/Town/City:\nThane\nState:\nMaharashtra\nDistrict:\nThane', '', 3, 'sarikagoriwale1986@gmail.com', '2020-10-13 07:22:03', '0000-00-00', 1, '', 'SHR2QwhWD3', ''),
(21, 'SARIKA..GORIWALE', 'SARIKA', 'GORIWALE', '7218112418', '', 'Buildings:\nA/3 MAHESH NIWAS\nFloor number:\n0\nStreet name:\nMANVELPADA ROAD\nLocality:\nVIRAR EAST KARGIL NAGAR VASAI THANE\nLandmark:\nNEAR TEPACHA PADA\nPin code:\n401305\nVillage/Town/City:\nThane\nState:\nMaharashtra\nDistrict:\nThane', 'Buildings:\nA/3 MAHESH NIWAS\nFloor number:\n0\nStreet name:\nMANVELPADA ROAD\nLocality:\nVIRAR EAST KARGIL NAGAR VASAI THANE\nLandmark:\nNEAR TEPACHA PADA\nPin code:\n401305\nVillage/Town/City:\nThane\nState:\nMaharashtra\nDistrict:\nThane', 3, 'sarikagoriwale1986@gmail.com', '2020-10-13 07:36:23', '0000-00-00', 1, '', 'KiofdqNltO', ''),
(22, 'rashmi..mayekar', 'rashmi', 'mayekar', '8446951573', '', 'hbf', 'hjefbc', 2, 'rashmi.mayekar97@gmail.com', '2020-10-14 16:03:56', '1997-09-08', 1, '', 'Tb67vEJtQ5', ''),
(23, 'shivram..pawaskar', 'shivram', 'pawaskar', '8788553851', '', 'room no c4 mangalmirti chawl veer matajijai nagar moregaon  nalasopara east', 'room no c4 mangalmirti chawl veer matajijai nagar moregaon  nalasopara east', 3, 'pawasakar08@gmail.com', '2020-10-16 11:07:48', '1993-07-06', 1, '', 'DbPIFZGyfq', ''),
(24, 'shivram..pawaskar', 'shivram', 'pawaskar', '8788553851', '', 'room no c4 mangalmirti chawl veer matajijai nagar moregaon  nalasopara east', 'room no c4 mangalmirti chawl veer matajijai nagar moregaon  nalasopara east', 3, 'pawasakar08@gmail.com', '2020-10-16 11:07:55', '1993-07-06', 1, '', 'ZK4AQaYmFC', ''),
(25, 'shivram..pawaskar', 'shivram', 'pawaskar', '8788553851', '', 'ROOM NO C4 MANGALMURTI APT MOREGAON NALASOPARA EAST', 'ROOM NO C4 MANGALMURTI APT MOREGAON NALASOPARA EAST', 3, 'pawasakar08@gmail.com', '2020-10-16 11:11:13', '1993-07-06', 1, '', 'iTov27LDOM', ''),
(26, 'SANTOSH..DHUMAK', 'SANTOSH', 'DHUMAK', '9689668769', '', 'ROOM NO C 08 SAI SIDDHI CHAWL MANVELPADA ROAD NEAR SMASHAN BHUMI VIRAR EAST MANVELPADA GAON', 'ROOM NO C 08 SAI SIDDHI CHAWL MANVELPADA ROAD NEAR SMASHAN BHUMI VIRAR EAST MANVELPADA GAON', 3, 'santoshdhumak1974@gmail.com', '2020-11-01 08:49:19', '1974-01-06', 1, '', 'xhzFntGRA2', ''),
(27, 'VIJAY..CHIMAN', 'VIJAY', 'CHIMAN', '7718085361', '7304269595', 'ROOM NO 09 MANGAL MURTI CHAWL MADAN KINI ROAD NEAR HANUMAN MANDIR VASAI WEST 401202', 'ROOM NO 09 MANGAL MURTI CHAWL MADAN KINI ROAD NEAR HANUMAN MANDIR VASAI WEST 401202', 3, 'NOMAIL.COM', '2020-11-01 12:33:24', '1980-03-14', 1, '', 'RKQJVpcONn', ''),
(28, 'VAISHALI..KAYANDEKAR', 'VAISHALI', 'KAYANDEKAR', '7798258652', '9619118911', 'ROOM NO A2 OM SWAMI JANANAND APT MANVELPADA GAON NEAR ASHRAYA BAR VIRAR EAST', 'ROOM NO A2 OM SWAMI JANANAND APT MANVELPADA GAON NEAR ASHRAYA BAR VIRAR EAST', 3, '', '2020-11-01 15:05:52', '1975-07-15', 1, '', 'VmNAKeFWYv', ''),
(29, 'SAGAR..RAHATE', 'SAGAR', 'RAHATE', '8108701269', '', 'ROOM NO A 306 SAI SWAPNA BLDG NEAR DATTA MANDIR VIRAR EAST', 'ROOM NO A 306 SAI SWAPNA BLDG NEAR DATTA MANDIR VIRAR EAST', 3, '', '2020-11-01 15:11:47', '1989-05-05', 1, '', 'sYXW5CiSKI', ''),
(30, 'ARPITA..Panwalkar', 'ARPITA', 'Panwalkar', '7517646814', '', 'Current Residential\nAddress:\nAddress Line 1: R NO A/408 MAULI KRUPA APT\nAddress Line 2: KARGIL NGR MP RD\nAddress Line 3: VIRAR EAST\nLandmark: B/H JAYDEEP SCHOOL State:MAHARASHTRA\nCity: PALGHAR Pin: 401305\nResidence Status: Owned\n', 'Current Residential\nAddress:\nAddress Line 1: R NO A/408 MAULI KRUPA APT\nAddress Line 2: KARGIL NGR MP RD\nAddress Line 3: VIRAR EAST\nLandmark: B/H JAYDEEP SCHOOL State:MAHARASHTRA\nCity: PALGHAR Pin: 401305\nResidence Status: Owned\n', 3, '', '2020-11-01 15:29:51', '1981-01-21', 1, '', 'TD8PGSOmjo', ''),
(31, 'ARPITA..Panwalkar', 'ARPITA', 'Panwalkar', '7517646814', '', 'Current Residential\nAddress:\nAddress Line 1: R NO A/408 MAULI KRUPA APT\nAddress Line 2: KARGIL NGR MP RD\nAddress Line 3: VIRAR EAST\nLandmark: B/H JAYDEEP SCHOOL State:MAHARASHTRA\nCity: PALGHAR Pin: 401305\nResidence Status: Owned\n', 'Current Residential\nAddress:\nAddress Line 1: R NO A/408 MAULI KRUPA APT\nAddress Line 2: KARGIL NGR MP RD\nAddress Line 3: VIRAR EAST\nLandmark: B/H JAYDEEP SCHOOL State:MAHARASHTRA\nCity: PALGHAR Pin: 401305\nResidence Status: Owned\n', 3, '', '2020-11-01 15:29:53', '1981-01-21', 1, '', 'MRFljsIBdg', ''),
(32, 'SACHIN..PATEKAR', 'SACHIN', 'PATEKAR', '9869785512', '', 'ROOM NO 403 D WING DHANRAJ APT KARGIL NAGAR NEAR MAHAKALI MANDIR VIRAR EAST', 'ROOM NO 403 D WING DHANRAJ APT KARGIL NAGAR NEAR MAHAKALI MANDIR VIRAR EAST', 3, '', '2020-11-01 15:43:37', '1983-02-07', 1, '', '7PbhvKwpZA', ''),
(33, 'MAYURI..REWALE', 'MAYURI', 'REWALE', '9221310129', '', 'ROOM NO 2 OMKARESHWAR NIWAS NEAR MAHAKALI MANDR', 'ROOM NO 2 OMKARESHWAR NIWAS NEAR MAHAKALI MANDR', 3, '', '2020-11-01 15:54:58', '1983-06-17', 1, '', 'x8h4dXCfRj', ''),
(34, 'ROHAN..CHAVAN', 'ROHAN', 'CHAVAN', '8087539778', '', 'ROOM NO 5 GOKUL NAGAR 1 MANVELPAD ROAD VIRAR EAST', 'ROOM NO 5 GOKUL NAGAR 1 MANVELPAD ROAD VIRAR EAST', 3, '', '2020-11-01 16:22:20', '1996-02-15', 1, '', 'MgDnkX50a2', ''),
(35, 'SACHIN..DHAVADE', 'SACHIN', 'DHAVADE', '7738549648', '9545647279', 'ROOM NO 201 OM GARDEN MANVELPADA ROAD VIRAR EAST NEAR MANEVPADA TALAV', 'WARGAON\nFloor number:\n0\nStreet name:\nLocality:\nKANKAVALI WARGAON\nLandmark:\nDHAVADE WADI SINDHUDURG\nPin code:\n416801\nVillage/Town/City:\nOras\nState:\nMaharashtra\nDistrict:\nSindhudurg', 3, '', '2020-11-02 07:37:57', '1999-08-25', 1, '', 'OVX7a3ecQw', ''),
(36, 'MILAN..KHAIRE', 'MILAN', 'KHAIRE', '8805233587', '', 'ROOM NO 08 ANKIT APT KARGIL NAGAR NEAR GANPATI MANDIR VIRAR EAST', 'ROOM NO 08 ANKIT APT KARGIL NAGAR NEAR GANPATI MANDIR VIRAR EAST', 3, 'MILANKHAIRE1@GMAIL.COM', '2020-11-02 11:25:41', '1995-03-05', 1, '', 'gL6m9wfsJo', ''),
(37, 'ANANT..SATARDEKAR', 'ANANT', 'SATARDEKAR', '9270310604', '', 'ROOM NO 304 SAMEER APT D WING NEAR ROSE BEKARY OPP MANALI BAR VIRAR EAST', 'ROOM NO 304 SAMEER APT D WING NEAR ROSE BEKARY OPP MANALI BAR VIRAR EAST', 3, '', '2020-11-03 13:28:40', '1970-07-09', 1, '', 'iOCXkZDxuo', ''),
(38, 'AKSHAY..MANDAVKAR', 'AKSHAY', 'MANDAVKAR', '8169632320', '', ' R/M NO 01 OM SHRI SWAMI SAMART BLDG NO 2\n KARGIL NAGAR MANVELPADA\n VIRAR EAST\n NEAR JAYDEEP SCHOOL SMAHARASHTRA PALGHAR  401305\nResidence Status: Rented\n', 'ddress Line 1: Tembavali devagad\nAddress Line 2: Sindhudurg\nAddress Line 3:\nLandmark: kalavi State:MAHARASHTRA\nCity: ORAS Pin: 416612\nResidencial Status: Owned', 3, ': akshaymandavkar1996@gmail.com', '2020-11-03 13:53:15', '1996-05-31', 1, '', 'haSDIUAMxy', ''),
(39, 'SHANKAR..BORGE', 'SHANKAR', 'BORGE', '7021720855', '', 'A 202 NUTAN USHA KIRAN BLDG MANVELPADA ROAD NEAR SNEHANJALI NEAR M BARIA HOUSE VIRAR EAST 401305', 'A 202 NUTAN USHA KIRAN BLDG MANVELPADA ROAD NEAR SNEHANJALI NEAR M BARIA HOUSE VIRAR EAST 401305', 3, '', '2020-11-03 14:17:49', '0000-00-00', 1, '', 'EyvDPokp0M', ''),
(40, 'NARESH..BAVDANE', 'NARESH', 'BAVDANE', '9594919172', '9920638506', 'ROOM NO 303 JUHI APT  NEAR DUTTA MANDIR MANVELPADA ROAD VIRAR EAST', 'ROOM NO 303 JUHI APT  NEAR DUTTA MANDIR MANVELPADA ROAD VIRAR EAST', 3, 'NARESHBAVDANE@GMAIL.COM', '2020-11-03 15:30:02', '1985-07-27', 1, '', 'YytCWdFZpV', ''),
(41, 'SAURAV..KALAMBATE', 'SAURAV', 'KALAMBATE', '7400358539', '', 'ROOM NO 50 SAKUBAI NIWAS CHAWL KOKAN NAGAR VIRAR EAST NEAR MAHAKALI MANDIR NEAR AAIBABA NAGAR\n\nRENTED', 'Buildings:\nKALAMBATE WADI\nFloor number:\n0\nStreet name:\nLocality:\nPARCHURI RATNAGIRI\nLandmark:\nSANGAMESHVAR\nPin code:\n415637\nVillage/Town/City:\nRatnagiri\nState:\nMaharashtra\nDistrict:\nRatnagiri', 3, 'sauravkalambate2229@gmail.com', '2020-11-04 13:39:39', '1998-09-29', 1, '', 'vnEAkqWu43', ''),
(42, 'RESHMA..ATUGADE', 'RESHMA', 'ATUGADE', '8793012230', '', 'KIRAN BHAU AMIT', 'KIRAN BHAU AMIT', 3, '', '2020-11-04 14:01:12', '0000-00-00', 1, '', 'Wa5eIH9qry', ''),
(43, 'Sachin..Kapadi', 'Sachin', 'Kapadi', '8379056795', '', 'Current Residential\nAddress:\nAddress Line 1: B 605 TULSI HEIGHTS\nAddress Line 2: MANVELPADA\nAddress Line 3: VIRAR EAST\nLandmark: NEAR DON BOSCO CHURCH State:MAHARASHTRA\nCity: PALGHAR Pin: 401305\nResidence Status: Rented', 'Current Residential\nAddress:\nAddress Line 1: B 605 TULSI HEIGHTS\nAddress Line 2: MANVELPADA\nAddress Line 3: VIRAR EAST\nLandmark: NEAR DON BOSCO CHURCH State:MAHARASHTRA\nCity: PALGHAR Pin: 401305\nResidence Status: Rented', 3, 'sachinkapadi1980@gmail.com', '2020-11-04 16:20:57', '1980-02-05', 1, '', 'ghVvfImDlN', ''),
(44, 'SHRIKANT..NACHARE', 'SHRIKANT', 'NACHARE', '7776994947', '', 'SHIVKRUPA CHAWL MAANVELPADA ROAD VIRAR EAST', 'SHIVKRUPA CHAWL MAANVELPADA ROAD VIRAR EAST', 3, '', '2020-11-05 17:13:01', '1995-06-01', 1, '', 'S1qPetOvgA', ''),
(45, 'SANTOSH..DHOBI', 'SANTOSH', 'DHOBI', '9545817049', '', 'Buildings:\nKRISHNA SMRITI BUILDING B-05\nFloor number:\n0\nStreet name:\nMANVELPADA\nLocality:\nVASAI VIRAR EAST\nLandmark:\nNEAR YASHWANT GARDEN HALL\nPin code:\n401305\nVillage/Town/City:\nThane\nState:\nMaharashtra\nDistrict:\nThane', 'Buildings:\nKRISHNA SMRITI BUILDING B-05\nFloor number:\n0\nStreet name:\nMANVELPADA\nLocality:\nVASAI VIRAR EAST\nLandmark:\nNEAR YASHWANT GARDEN HALL\nPin code:\n401305\nVillage/Town/City:\nThane\nState:\nMaharashtra\nDistrict:\nThane', 3, 'santoshdhobi83@gmail.com', '2020-11-06 10:42:22', '1983-07-28', 1, '', 'LvWb3VjIF1', ''),
(46, 'RAMESH..WALANJ', 'RAMESH', 'WALANJ', '9082799717', '', 'ROOM NO 101 OM SHREE SWAMI SAMARTH BLDG NO 02 KARGIL NAGAR VIRAR EAST NEAR MANSI JEWELLERS', 'ROOM NO 101 OM SHREE SWAMI SAMARTH BLDG NO 02 KARGIL NAGAR VIRAR EAST NEAR MANSI JEWELLERS', 3, '', '2020-11-06 14:42:08', '1964-06-05', 1, '', 'jSyp91ZgQY', ''),
(47, 'GAFFUR..SHEAK', 'GAFFUR', 'SHEAK', '9765349272', '', 'Buildings:\nROOM NO 9 FATIMA MANZIL\nFloor number:\n0\nStreet name:\nGOPCHARLADA\nLocality:\nVIRAR EAST VASAI PALGHAR\nLandmark:\nNEAR MANSURI NAGAR\nPin code:\n401305\nVillage/Town/City:\nThane\nState:\nMaharashtra\nDistrict:\nThane', 'Buildings:\nROOM NO 9 FATIMA MANZIL\nFloor number:\n0\nStreet name:\nGOPCHARLADA\nLocality:\nVIRAR EAST VASAI PALGHAR\nLandmark:\nNEAR MANSURI NAGAR\nPin code:\n401305\nVillage/Town/City:\nThane\nState:\nMaharashtra\nDistrict:\nThane', 3, '', '2020-11-06 14:50:08', '1999-01-10', 1, '', 'OJKcELyijf', ''),
(48, 'SARVESH..PAWAR', 'SARVESH', 'PAWAR', '8169125789', '', '', '', 3, '', '2020-11-06 16:30:54', '0000-00-00', 1, '', 'rLm34UHwnZ', ''),
(49, 'SAMRUDDHI..SAKPAL', 'SAMRUDDHI', 'SAKPAL', '9370738419', '', '', '', 3, '', '2020-11-07 16:39:41', '0000-00-00', 1, '', '9lobNtx8JH', ''),
(50, 'MANALI..MANDAVKAR', 'MANALI', 'MANDAVKAR', '9657003726', '', 'ROOM NO  306 OM SAI APT BLDH NO 04 A WING OPP BHASKAR COMPLEX VIJAY NAGAR NSP EAST 401209', ' KANTE, floor 0, MANDANGAD\nLOAN DETAIL\nRATNAGIRI MAHARASHTRA , NEAR BANPORT, Ratnagiri, Ratnagiri, Maharashtra, 415208', 3, 'manali1999@gmail.com', '2020-11-07 16:47:15', '1999-03-28', 1, '', 'cvbAfIXtDh', ''),
(51, 'BHAVESG..KOLI', 'BHAVESG', 'KOLI', '7028087399', '', '', '', 3, '', '2020-11-08 12:03:28', '0000-00-00', 1, '', 'rkudNpBP8i', ''),
(52, 'PRAVIN..SHIGVAN', 'PRAVIN', 'SHIGVAN', '8898131870', '8850667733', 'ROOM NO 217 VAKRATUNDA APT NEAR GANPATI MANDIR KARGIL NAGAR VIRAR EAST 401305', '57 59 JAVAHAR MANSION, floor 0, DR ATMARAM MARCHANT ROAD BHULESHWAR\nLOAN DETAIL\nMUMBAI MAHARASTRA, NEAR KHAU GALII, Ashti, Mumbai, Maharashtra, 400002', 3, 'pravin1989@gmail.com', '2020-11-08 15:33:51', '1989-03-05', 1, '', 'masjDKU5uM', ''),
(53, 'Subhash..Pachkudve', 'Subhash', 'Pachkudve', '9833997703', '', ' Room No 102 Ekvira Devi Krupa Building No 2 Manvelpada Road Vasai Virar Municipal Corporation NEAR : Don Bosco Church\n HOUSE OWN', ' Room No 102 Ekvira Devi Krupa Building No 2 Manvelpada Road Vasai Virar Municipal Corporation NEAR : Don Bosco Church\n HOUSE OWN', 3, 'nomail@gmail.com', '2020-11-08 16:06:34', '1972-03-15', 1, '', '2adcGwWPvC', ''),
(54, 'ROHIT..SOMA', 'ROHIT', 'SOMA', '7378920569', '', 'ROOM NO 3 PAWAN NIWAS MANVELPADA ROAD VIRAR EAST', 'ROOM NO 3 PAWAN NIWAS MANVELPADA ROAD VIRAR EAST', 3, '', '2020-11-08 16:26:51', '0000-00-00', 1, '', 'wsPJOkrVDH', ''),
(55, 'ROHIT..SOMA', 'ROHIT', 'SOMA', '7378920569', '', 'ROOM NO 3 PAWAN NIWAS MANVELPADA ROAD VIRAR EAST', 'ROOM NO 3 PAWAN NIWAS MANVELPADA ROAD VIRAR EAST', 3, '', '2020-11-08 16:27:17', '0000-00-00', 1, '', 'w1pznhebPm', ''),
(56, 'MOHINI..RAMANE`', 'MOHINI', 'RAMANE`', '8408071405', '', '40 SHREE KRISHNA NIWAS KOKAN NAGAR VIRAR EAST MANVELPADA ROAD', 'Buildings:\nRAMANEWADI PACHERI AGAR\nFloor number:\n0\nStreet name:\nGUHAGAR PACHERI AGAR\nLocality:\nRATNAGIRI ABALOLI MAHARASHTRA\nLandmark:\nNEAR ABLOLI MARKET\nPin code:\n415726\nVillage/Town/City:\nRatnagiri\nState:\nMaharashtra\nDistrict:\nRatnagiri', 3, '', '2020-11-08 16:32:44', '1982-01-01', 1, '', 'T7WcAvYyqw', ''),
(57, 'SHANKAR..BHAIP', 'SHANKAR', 'BHAIP', '8898934099', '', 'ROOM NO 39 SHRIKRUSHNA NIWAS CHAWL NO 4 NEAR MAHAKALI MANDIR VIRAR EAST AAIBABA NAGAR', 'Buildings:\nMOUNT VIEW CHS BHAWANI NAGAR PLOT NO 8 BLDG N 5\nFloor number:\n0\nStreet name:\nMAROL MAROSHI ROAD\nLocality:\nR N 1 ANDHERI EAST\nLandmark:\nNEAR CHURCH\nPin code:\n400059\nVillage/Town/City:\nMumbai\nState:\nMaharashtra\nDistrict:\nMumbai', 3, 'shankarbhaip1988@gmail.com', '2020-11-08 16:44:29', '1988-11-17', 1, '', 'CFrN7UKQgS', ''),
(58, 'SANJU..RAJPUT', 'SANJU', 'RAJPUT', '9527639567', '', 'B 09 NEW DHOTRE NIWAS CHAWL MANVELPADA GAON VASAI VIRAR EAST THANE NEAR SMASHAN BHUMI\n\nOWN HOUSE', '', 3, 'sanjurajput1989@gmail.com', '2020-11-08 16:57:29', '1989-05-05', 1, '', 'wg6kErUj4D', ''),
(59, 'ROSHAN..PETAVE', 'ROSHAN', 'PETAVE', '9139246090', '7304511236', 'ROOM NO 48 SAKUBAI BHASKAR NIWAS PHASE 2 MANVELPADA ROAD NEAR KOKAN NAGAR NEAR PANKAJ BUNGLOW VIRAR EAST', '478 AVALICHI WADI\nFloor number:\n0\nStreet name:\nLocality:\nKASHELI RATNAGIRI\nLandmark:\nNEAR SURYAMANDIR\nPin code:\n416707\nVillage/Town/City:\nRatnagiri\nState:\nMaharashtra\nDistrict:\nRatnagiri\n', 3, 'roshanpetave7@gmail.com', '2020-11-10 14:49:59', '1998-04-30', 1, '', '1Bys046bu5', ''),
(60, 'SANDEEP ..VAFILKAR', 'SANDEEP ', 'VAFILKAR', '8830922904', '', 'Buildings:\nROOM NO 112 JAY SEVALAL APT\nGANESH CHOWK KARGIL NAGAR MANVEL PADA\nVASAI PALGHAR MAHARASHTRA\nNEAR AMBIKA JWELARS\n401305\nThane\nMaharashtra\n\nThane', 'Buildings:\nROOM NO 112 JAY SEVALAL APT\nGANESH CHOWK KARGIL NAGAR MANVEL PADA\nVASAI PALGHAR MAHARASHTRA\nNEAR AMBIKA JWELARS\n401305\nThane\nMaharashtra\n\nThane', 3, 'sandeepvafilkar1986@gmail.com', '2020-11-10 15:04:58', '1986-04-02', 1, '', '4InMBwQVf5', ''),
(61, 'KALPESH..KULYE', 'KALPESH', 'KULYE', '9561410765', '', '', '', 3, '', '2020-11-10 15:17:12', '0000-00-00', 1, '', 'tHwqIaAnC4', ''),
(62, 'SUNIL..TELGADE', 'SUNIL', 'TELGADE', '9029397874', '', 'C 36 JIVDANI COLONY SEVA SOCIETY NEAR ROCK GARDEN NALESHWAR NAGAR VIRAR EAST', 'C 36 JIVDANI COLONY SEVA SOCIETY NEAR ROCK GARDEN NALESHWAR NAGAR VIRAR EAST', 3, '', '2020-11-10 15:23:23', '0000-00-00', 1, '', 'mLd6Dqou1a', ''),
(63, 'Anita..Kamble', 'Anita', 'Kamble', '8983372991', '', 'FLAT NO 404 A WING SAI SWAPNA APT NO 02 MANVELPADA ROADVIRAR EAST NEAR ANUSAYA VIDYALAYA NEAR DATTA MANDIR MANVELPADA GAON VIRAR EAST', ': C 11 Ground Floor Palavi CHS  Naigaon Umele Umele Naigaon West\n: Opp Nirmala Mata Church', 3, 'anitakkambleanita739@gmail.com', '2020-11-11 06:53:42', '0000-00-00', 1, '', 'M5KqC0wsBP', ''),
(64, 'SUDARSHAN..NAR', 'SUDARSHAN', 'NAR', '9892881491', '', '', '', 3, '', '2020-11-11 09:49:17', '0000-00-00', 1, '', '2PRkJ0YSN5', ''),
(65, 'LAXMAN..DHADVE', 'LAXMAN', 'DHADVE', '9130665397', '', 'ROOM NO 39 WING B DEVRAM PARWATI NIWAS KOKAN NAGAR NEAR MAHAKALI MANDIR KARGIL NAGAR VIRAR EAST 401305', 'Buildings:\n167 WANZLOLI\nFloor number:\n0\nStreet name:\nMANDIVALI\nLocality:\nRATNAGIRI MAHARASHTRA\nLandmark:\nNEAR HANUMAN MANDIR\nPin code:\n415203\nVillage/Town/City:\nRatnagiri\nState:\nMaharashtra\nDistrict:\nRatnagiri', 3, 'laxmandhadve1999@gmail.com', '2020-11-11 09:54:13', '1999-02-03', 1, '', 'GISxDeP0h4', ''),
(66, 'ROSHAN..PETAVE', 'ROSHAN', 'PETAVE', '9139246090', '', 'ROOM NO 48 SAKHUBAI BHASKAR NIWAS PHASE 2 KOKAN NAGAR MANVELPADA ROAD VIRAR EAST', 'Buildings:\n478 AVALICHI WADI\nFloor number:\n0\nStreet name:\nLocality:\nKASHELI RATNAGIRI\nLandmark:\nNEAR SURYAMANDIR\nPin code:\n416707\nVillage/Town/City:\nRatnagiri\nState:\nMaharashtra\nDistrict:\nRatnagiri\n', 3, 'roshanpetave7@gmail.com', '2020-11-11 10:12:19', '1988-04-30', 1, '', '6OUGjuRWkV', ''),
(67, 'SAVITA..KAMBLE', 'SAVITA', 'KAMBLE', '8329830414', '', ' D 308 Chetan Apartment Manvel Pada Gaon Vasai Palghar Virar East\nOwned', ' D 308 Chetan Apartment Manvel Pada Gaon Vasai Palghar Virar East\nOwned', 3, 'savitakamble1986@gmail.com', '2020-11-11 11:21:19', '1986-01-01', 1, '', 'ynVTJ8MDaC', ''),
(68, 'SAVITA..KAMBLE', 'SAVITA', 'KAMBLE', '8329830414', '', ' D 308 Chetan Apartment Manvel Pada Gaon Vasai Palghar Virar East\nOwned', ' D 308 Chetan Apartment Manvel Pada Gaon Vasai Palghar Virar East\nOwned', 3, 'savitakamble1986@gmail.com', '2020-11-11 11:26:14', '1985-06-23', 1, '', 'zr79RNFgxs', ''),
(69, 'RAVINDRA..PASHTE', 'RAVINDRA', 'PASHTE', '9930449096', '', '', '', 3, '', '2020-11-11 11:35:14', '0000-00-00', 1, '', 'M3qmRO2GzP', ''),
(70, 'Uttam..Mestry', 'Uttam', 'Mestry', '9307491762', '', ' ROM NO 308 OM SWAMI LEELA APT\n MANVELPADA KARGIL NAGAR NEAR JAYDEEP SCHOOL\n VIRAR EAST', ' ROM NO 308 OM SWAMI LEELA APT\n MANVELPADA KARGIL NAGAR NEAR JAYDEEP SCHOOL\n VIRAR EAST', 3, 'UTTAMMESTRY@GMAIL.COM', '2020-11-11 11:41:30', '1968-06-01', 1, '', 'Ex9cjpI5Kn', ''),
(71, 'HANSRAJ..CHAUDHARI', 'HANSRAJ', 'CHAUDHARI', '8983310448', '', '13K NITYA NANAD MANDAL SATIPATI PALGHAR MANDAL ', '', 3, '', '2020-11-11 11:52:24', '0000-00-00', 1, '', 'ouH6YTKUdG', ''),
(72, 'PRATHMESH..TAMBE', 'PRATHMESH', 'TAMBE', '8425914211', '', 'ROOM NO 002 OM NAMAH SHIVAY BLDG BLDG NO 6 MANVELPADA ROAD KRGIL NAGAR NEAR JAYDEEP SCHOOL VIRAR EAST NEAR ROHIT GAYKAWAD', 'ROOM NO 002 OM NAMAH SHIVAY BLDG BLDG NO 6 MANVELPADA ROAD KRGIL NAGAR NEAR JAYDEEP SCHOOL VIRAR EAST NEAR ROHIT GAYKAWAD', 3, 'prathameshtambe1999@gmail.com', '2020-11-11 12:07:46', '1999-08-12', 1, '', 'NlJX1q3YDg', ''),
(73, 'PRATHMESH..TAMBE', 'PRATHMESH', 'TAMBE', '8425914211', '', 'ROOM NO 002 OM NAMAH SHIVAY BLDG BLDG NO 6 MANVELPADA ROAD KRGIL NAGAR NEAR JAYDEEP SCHOOL VIRAR EAST NEAR ROHIT GAYKAWAD', 'ROOM NO 002 OM NAMAH SHIVAY BLDG BLDG NO 6 MANVELPADA ROAD KRGIL NAGAR NEAR JAYDEEP SCHOOL VIRAR EAST NEAR ROHIT GAYKAWAD', 3, 'prathameshtambe1999@gmail.com', '2020-11-11 12:24:06', '1999-08-12', 1, '', 'BakdEDMI3o', ''),
(74, 'SHREERAM..KADAM', 'SHREERAM', 'KADAM', '8369196082', '', 'ROOM NO 402 SAI BABA SANKUL BLDG NO 03 KARGIL NAGAR NEAR SAIBABA MANDIR VIRAR EAST 401305', 'ROOM NO 402 SAI BABA SANKUL BLDG NO 03 KARGIL NAGAR NEAR SAIBABA MANDIR VIRAR EAST 401305', 3, 'shreeramkadam1976@gmail.com', '2020-11-11 15:18:16', '1976-09-03', 1, '', 'CHK0E53DcL', ''),
(75, 'CHANDRAKANT..PADYAL', 'CHANDRAKANT', 'PADYAL', '8097021022', '', '', '', 3, '', '2020-11-11 15:47:10', '0000-00-00', 1, '', 'BAmKF9OSvz', ''),
(76, 'CHHAYA ..SURVE', 'CHHAYA ', 'SURVE', '7620275726', '', 'ROOM NO 7 SANTOSHI MATA CHAWL NEAR SAI MAULI CHAWL NEAR YUNGSTAR VIRAR EAST', 'ROOM NO 7 SANTOSHI MATA CHAWL NEAR SAI MAULI CHAWL NEAR YUNGSTAR VIRAR EAST', 3, 'chhayasurve1977@gmail.com', '2020-11-11 15:59:28', '1977-05-22', 1, '', 'qcgmwNIh3d', ''),
(77, 'Hemant..Bhadavalkar', 'Hemant', 'Bhadavalkar', '9168801375', '', ' 201 Sai Chhaya Apartment  Manvel Pada Road Vasai Palghar PALGHAR\n\nOwned', ' 201 Sai Chhaya Apartment  Manvel Pada Road Vasai Palghar PALGHAR\n\nOwned', 3, 'nomail@gmail.com', '2020-11-12 16:40:28', '1990-10-12', 1, '', 'cSiWrpAyoh', ''),
(78, 'AMIT..MOHITE', 'AMIT', 'MOHITE', '7208634010', '', '', '', 3, '', '2020-11-12 16:47:32', '0000-00-00', 1, '', '1iQT2z8Vaq', ''),
(79, 'DASHARATH..ANUBHAVANE', 'DASHARATH', 'ANUBHAVANE', '9422585508', '', 'ROOM NO 301 SONDEEP CO OPERATING SOCEITY NEAR KARGIL NAGAR AUTO STAND VIRAR EAST KARGIL NAGAR', 'ROOM NO 112 FIRST FIR RACHNA 4B\nNAVSHIK BARUCHA MARG\nGRANT ROAD WEST MUMBAI MAHARASHTRA\nNEAR NAVI CHIKANWADI', 3, 'dasharathanubhavane1981@gmail.com', '2020-11-12 16:55:43', '1981-09-08', 1, '', 'hE4HnYFvqe', ''),
(80, 'DASHARATH..ANUBHAVANE', 'DASHARATH', 'ANUBHAVANE', '9422585508', '', 'ROOM NO 301 SONDEEP CO OPERATING SOCEITY NEAR KARGIL NAGAR AUTO STAND VIRAR EAST KARGIL NAGAR', 'ROOM NO 112 FIRST FIR RACHNA 4B\nNAVSHIK BARUCHA MARG\nGRANT ROAD WEST MUMBAI MAHARASHTRA\nNEAR NAVI CHIKANWADI', 3, 'dasharathanubhavane1981@gmail.com', '2020-11-12 16:55:49', '1981-09-08', 1, '', 'SKfsBJLFjA', ''),
(81, 'MANSVI..SALVI', 'MANSVI', 'SALVI', '7020227384', '', 'ROOM NO A 402 MAULI KRUPA APARTMENT, floor 4, KARGIL NAGAR\nLOAN DETAIL\nVIRAR EAST VASAI VIRAR MUNCIPAL CORPORAT, NEAR JAYDIP SCHOOL, Virar, Thane,', 'ROOM NO A 402 MAULI KRUPA APARTMENT, floor 4, KARGIL NAGAR\nLOAN DETAIL\nVIRAR EAST VASAI VIRAR MUNCIPAL CORPORAT, NEAR JAYDIP SCHOOL, Virar, Thane,', 3, 'mansvisalvi92@GMAIL.COM', '2020-11-12 17:07:51', '1992-05-05', 1, '', 'sfOud5EYA2', ''),
(82, 'AKSHAY..RUKE', 'AKSHAY', 'RUKE', '9860809126', '', '', '', 3, '', '2020-11-19 13:52:31', '0000-00-00', 1, '', 'nTROZ1Gth4', ''),
(83, 'AKSHAY..RUKE', 'AKSHAY', 'RUKE', '9860809126', '', 'B  104 SHREE GANESH APT BLDG NO 3 KARGIL NAGAR VIRAR EAST', '', 3, '', '2020-11-19 14:04:50', '0000-00-00', 1, '', 'EAhr0idzMB', ''),
(84, 'SHUBHAM..GURAV', 'SHUBHAM', 'GURAV', '8097841093', '', 'RASHMI FRIEND', '', 3, '', '2020-11-19 14:05:51', '0000-00-00', 1, '', 'EKWAnpMhdU', ''),
(85, 'KAMLESH..PADAVE', 'KAMLESH', 'PADAVE', '9284937092', '', 'ROOM NO 25 AAI EKVIRA NIWAS MANVELPADA ROAD VIRAR EAST VASAI PALGHAR NEAR ANUSAYA SCHOOL KOKAN NAGAR', 'ROOM NO 25 AAI EKVIRA NIWAS MANVELPADA ROAD VIRAR EAST VASAI PALGHAR NEAR ANUSAYA SCHOOL KOKAN NAGAR', 3, 'kamleshpadave05091999@gmail.com', '2020-11-19 14:13:49', '1999-09-05', 1, '', 'WlUod10Cfr', ''),
(86, 'NIKHIL..MESTRY', 'NIKHIL', 'MESTRY', '7776061711', '', 'ROOM NO 43 VASAI THANE VIRAR EAST SAI PARTIKSHA CHA NEAR SAIBABA MANDIR', 'ROOM NO 43 VASAI THANE VIRAR EAST SAI PARTIKSHA CHA NEAR SAIBABA MANDIR', 3, 'nikhilmestry1652@gmail.com', '2020-11-19 14:28:14', '2001-08-28', 1, '', 'nApEkqPMCU', ''),
(87, 'RAMCHANDRA..SATUPE', 'RAMCHANDRA', 'SATUPE', '7588365715', '', '', '', 3, '', '2020-11-19 14:38:44', '0000-00-00', 1, '', 'zGyJgANavh', ''),
(88, 'MANDAR..KARANGUTKAR', 'MANDAR', 'KARANGUTKAR', '9765639756', '', 'KARGIL NAGAR', 'KARGIL NAGAR', 3, '', '2020-11-20 14:40:18', '0000-00-00', 1, '', 'bIlwLscPjf', ''),
(89, 'SANJAY..AMBEKAR', 'SANJAY', 'AMBEKAR', '8097447065', '', '', '', 3, '', '2020-11-20 14:44:12', '0000-00-00', 1, '', 'EPFAfshJSD', ''),
(90, 'ANITA..BANE', 'ANITA', 'BANE', '8793488714', '', 'ROOM NO 42 CHAWL NO 3 AAI JIVDANI NAGAR NO 02 MANVELPADA ROAD NEAR KALIMATA MANDIR VIRAR EAST', 'ROOM NO 42 CHAWL NO 3 AAI JIVDANI NAGAR NO 02 MANVELPADA ROAD NEAR KALIMATA MANDIR VIRAR EAST', 3, '', '2020-11-20 15:14:15', '0000-00-00', 1, '', 'P9bESKcIJx', ''),
(91, 'AKSHAY..GURAV', 'AKSHAY', 'GURAV', '9867834667', '', 'ROOM NO 101 PURVA APT MANVELPADA GAON VIRAR EAST PALGHAR VIRAR EAST NEAR datt mandir', 'ROOM NO 101 PURVA APT MANVELPADA GAON VIRAR EAST PALGHAR VIRAR EAST NEAR datt mandir', 3, 'guravakshay1029@gmail.com', '2020-11-20 15:21:41', '2020-05-17', 1, '', 'HZg79SbnRW', ''),
(92, 'ANIRUDHA..KADAM', 'ANIRUDHA', 'KADAM', '9137807320', '', 'A 402 SAI SIDDHI APARTMENT MANVELPADA ROAD VIRAR EAST VASAI PALGHAR NEAR M BARIA GRACE ', '', 3, 'kadamanirudh38@gmail.com', '2020-11-21 14:37:49', '1989-06-15', 1, '', 'PBfiYrJ8h3', ''),
(93, 'ANIRUDHA..KADAM', 'ANIRUDHA', 'KADAM', '9137807320', '', 'A 402 SAI SIDDHI APARTMENT MANVELPADA ROAD VIRAR EAST VASAI PALGHAR NEAR M BARIA GRACE ', 'A 402 SAI SIDDHI APARTMENT MANVELPADA ROAD VIRAR EAST VASAI PALGHAR NEAR M BARIA GRACE ', 3, 'kadamanirudh38@gmail.com', '2020-11-21 14:38:01', '1989-06-15', 1, '', 'QxBWe0FpV2', ''),
(94, 'MONIKA..GORAKHNE', 'MONIKA', 'GORAKHNE', '8087587373', '', 'GOKUL NAGAR ', 'GOKUL NAGAR ', 3, '', '2020-11-21 14:45:09', '0000-00-00', 1, '', 'cFUzSDtAIn', ''),
(95, 'SAMRAT..YADAV', 'SAMRAT', 'YADAV', '9637012519', '', 'A 002 GANESH KRUPA SOCIETY CO OP HOUSHING SOCIETY LIMITED TULINJ ROAD NALLASOPARA EAST THANE MAHARASHTRA OPP MANORAMA NURSING HOME ', 'A 002 GANESH KRUPA SOCIETY CO OP HOUSHING SOCIETY LIMITED TULINJ ROAD NALLASOPARA EAST THANE MAHARASHTRA OPP MANORAMA NURSING HOME ', 3, 'samratyadav981@gmail.com', '2020-11-21 14:52:55', '1999-04-15', 1, '', '8ZCVDdr0Az', ''),
(96, 'SAHIL..KADAM', 'SAHIL', 'KADAM', '9545964247', '', '', '', 3, '', '2020-11-21 15:02:02', '0000-00-00', 1, '', 'HL67h4xM3A', ''),
(97, 'PRANALI..MESTRI', 'PRANALI', 'MESTRI', '9372649998', '', '', '', 3, '', '2020-11-21 15:04:11', '0000-00-00', 1, '', 'AhQ6DVzKxv', ''),
(98, 'GOKUL ..CHAVAN', 'GOKUL ', 'CHAVAN', '7875743155', '', '', '', 3, '', '2020-11-21 15:08:58', '0000-00-00', 1, '', 'Mcsk32IGOh', ''),
(99, 'EKNATH..BHUVAD', 'EKNATH', 'BHUVAD', '7977253156', '', '', '', 3, '', '2020-11-21 15:15:28', '0000-00-00', 1, '', '1oBxvht9jn', ''),
(100, 'RUPESH..KURADE', 'RUPESH', 'KURADE', '8793130168', '', '13 SIDDHIVINAYAK APARTMENT MANVELPADA ROAD VIRAR EAST VASAI PALGHAR OMKAR PARK', '13 SIDDHIVINAYAK APARTMENT MANVELPADA ROAD VIRAR EAST VASAI PALGHAR OMKAR PARK', 3, 'rupeshkurade20@gmail.com', '2020-11-21 15:28:43', '1995-08-28', 1, '', 'aIfnlm0exA', ''),
(101, 'SURAJ..BARGODE', 'SURAJ', 'BARGODE', '8788024743', '', 'C 001 GURUKRUPA SOCIETY MANVELPADA ROAD KARGIL NAGAR VIRAR EAST VASAI PALGHAR MAHARASHTRA NEAR GANESH CHOWK', 'C 001 GURUKRUPA SOCIETY MANVELPADA ROAD KARGIL NAGAR VIRAR EAST VASAI PALGHAR MAHARASHTRA NEAR GANESH CHOWK', 3, 'surubargude@gmail.com', '2020-11-21 15:49:20', '1997-06-29', 1, '', 'WsXRrEDq3f', ''),
(102, 'ROHAN..Patade', 'ROHAN', 'Patade', '9356407604', '', 'ROOM NO 9 SHRI KRUSHNA  NIWAS CHAWL NO 03 KOKAN NGAR NEAR VISHWAS BANGLOW VIRAR EAST KARGIL NAGAR', 'ROOM NO 9 SHRI KRUSHNA  NIWAS CHAWL NO 03 KOKAN NGAR NEAR VISHWAS BANGLOW VIRAR EAST KARGIL NAGAR', 3, 'mahadevpatade@gmail.com', '2020-11-21 15:59:58', '2000-11-28', 1, '', 'oqefstxCiz', ''),
(103, 'ROHAN..Patade', 'ROHAN', 'Patade', '9356407604', '', 'ROOM NO 9 SHRI KRUSHNA  NIWAS CHAWL NO 03 KOKAN NGAR NEAR VISHWAS BANGLOW VIRAR EAST KARGIL NAGAR', 'ROOM NO 9 SHRI KRUSHNA  NIWAS CHAWL NO 03 KOKAN NGAR NEAR VISHWAS BANGLOW VIRAR EAST KARGIL NAGAR', 3, 'mahadevpatade@gmail.com', '2020-11-21 16:01:04', '2000-11-28', 1, '', 'yXDhPpgOGj', ''),
(104, 'SUHANI..TAMBE', 'SUHANI', 'TAMBE', '7249529259', '', '', '', 3, '', '2020-11-21 16:13:12', '0000-00-00', 1, '', 'mLk81pnFde', ''),
(105, 'AASHIK..GAWADE', 'AASHIK', 'GAWADE', '8446113060', '', 'ROOM NO 51 SAI PRATIKSHA CHAWL MANVELPADA ROAD KARGIL NAGAR VIRAR EAST VASAI THANE MAHARASHTRA NEAR SAI BABA MANDIR 401305', 'ROOM NO 51 SAI PRATIKSHA CHAWL MANVELPADA ROAD KARGIL NAGAR VIRAR EAST VASAI THANE MAHARASHTRA NEAR SAI BABA MANDIR 401305', 3, 'ashugawade2225@gmail.com', '2020-11-21 16:17:52', '1994-04-25', 1, '', 'rhQ1oUXfgx', ''),
(106, 'SANGITA..SAKPAL', 'SANGITA', 'SAKPAL', '8097881648', '', '', '', 3, '', '2020-11-21 16:29:55', '0000-00-00', 1, '', 'vsuktxJDzG', ''),
(107, 'PARESH..PATIL', 'PARESH', 'PATIL', '7798143158', '', 'HARDI KOSHIMBE\nFloor number:\n0\nStreet name:\nKHARDI\nLocality:\nDAHISAR VIRAR EAST VASAI\nLandmark:\nNEAR KOSHMAI MANDIR\nPin code:\n401303\nVillage/Town/City:\nVirar\nState:\nMaharashtra\nDistrict:\nThane', 'HARDI KOSHIMBE\nFloor number:\n0\nStreet name:\nKHARDI\nLocality:\nDAHISAR VIRAR EAST VASAI\nLandmark:\nNEAR KOSHMAI MANDIR\nPin code:\n401303\nVillage/Town/City:\nVirar\nState:\nMaharashtra\nDistrict:\nThane', 3, 'pareshpatil1993@gmail.com', '2020-11-22 07:50:50', '1993-11-06', 1, '', 'un4F3ExXw1', ''),
(108, 'ANKUSH..AMBADASKAR', 'ANKUSH', 'AMBADASKAR', '8104616154', '', 'TONDALI RATNAGIRI NEAR MANAI DEVI TEMPLE', '', 3, 'ankush.ambadaskar@gmail.com', '2020-11-24 12:44:33', '1992-05-26', 1, '', 'XfoS9b0gni', ''),
(109, 'VAISHALI..REWALE', 'VAISHALI', 'REWALE', '8956312508', '', 'NEAR MAHAKALI MANDIR ', 'NEAR MAHAKALI MANDIR ', 3, '', '2020-11-24 12:56:53', '0000-00-00', 1, '', '1zNCKuWoJh', ''),
(110, 'VAISHALI..REWALE', 'VAISHALI', 'REWALE', '8956312508', '', 'NEAR MAHAKALI MANDIR OPP DAIRY NEAR VINOD PATIL OFFICE', 'NEAR MAHAKALI MANDIR OPP DAIRY NEAR VINOD PATIL OFFICE', 3, '', '2020-11-24 12:57:29', '0000-00-00', 1, '', 'sgD75MyWZJ', ''),
(111, 'RENUKA..AGONDE', 'RENUKA', 'AGONDE', '9321898912', '', 'ROOM NO 13 J M NIWAS CHAWL KOKAN NAGAR MANVELPADA ROAD NEAR KALIMATA MANDIR KARGIL NAGAR VIRAR EAST \n', 'SHANKAR BHATKAR CHAWL VIVEKANAND NAGAR\n0\nS V ROAD MOTILAL NAGAR\nGOREGAON WEST MUMBAI MAHARASHTRA\nBEHIND SENT JOAN HIGH SCHOOL\n400104\n', 3, 'renukaagonde@gmail.com', '2020-11-24 13:08:44', '1984-09-06', 1, '', 'N1fFGcVh3j', ''),
(112, 'JAGANNATH..KAMTEKAR', 'JAGANNATH', 'KAMTEKAR', '8097584632', '', 'C 3 DADU NAGAR MANVELPADA ROAD VIRAR EAST VASAI VIRAR MUNICIPAL NEAR MAHAKALI MANDIR CORPORATION', 'C 3 DADU NAGAR MANVELPADA ROAD VIRAR EAST VASAI VIRAR MUNICIPAL NEAR MAHAKALI MANDIR CORPORATION', 3, 'jagannathkamtekar123@gmail.com', '2020-11-24 13:21:33', '1969-12-31', 1, '', 'TKtUCBMRPY', ''),
(113, 'Sandeep..Mohite', 'Sandeep', 'Mohite', '7719866740', '', 'B 302 Rukhmini APT Manvelpada Road Vasai Virar East Thane Opp, Om Garden Building\n', 'B 302 Rukhmini APT Manvelpada Road Vasai Virar East Thane Opp, Om Garden Building\n', 3, 'sgmohite74@gmail.com', '2020-11-24 14:21:54', '1974-04-09', 1, '', 'xWCo8nRYHO', ''),
(114, 'SHRADDHA..AMBAVALE', 'SHRADDHA', 'AMBAVALE', '8806719157', '', 'VIRAR EAST ', '', 3, '', '2020-11-24 16:08:18', '0000-00-00', 1, '', 'tOh8yJDEdv', ''),
(115, 'NITIN..PATNE', 'NITIN', 'PATNE', '9004267502', '', 'ROOM NO B 001 SHIV SAI SANKUL APT SANT NAGAR VIRAR EAST NEAR RUPESH PAWAR HOME VIRAR EAST', 'ROOM NO B 001 SHIV SAI SANKUL APT SANT NAGAR VIRAR EAST NEAR RUPESH PAWAR HOME VIRAR EAST', 3, '', '2020-11-25 13:02:53', '0000-00-00', 1, '', '5o8ZcX764n', ''),
(116, 'PANDURANG..SHELAR', 'PANDURANG', 'SHELAR', '7768853768', '', '', '', 3, '', '2020-11-25 13:13:31', '0000-00-00', 1, '', 'RM8tiCSWba', ''),
(117, 'PANDURANG..SHELAR', 'PANDURANG', 'SHELAR', '7768853768', '', '', '', 3, '', '2020-11-25 13:19:15', '0000-00-00', 1, '', 'O2A8PaZxEv', ''),
(118, 'VINOD..PENDKHALKAR', 'VINOD', 'PENDKHALKAR', '9619733579', '', 'ROOM NO 203 SHREE JIVDANI BARONDA NIWAS NEAR G P SCHOOL KARGIL NAGAR VIRAR EAST 401305', '', 3, '', '2020-11-25 15:31:24', '0000-00-00', 1, '', '3p1oBNaXI2', ''),
(119, 'POOJA..WAREKAR', 'POOJA', 'WAREKAR', '8446541295', '', 'ROOM NO 304 JAY BHAVANI SANKUL GANESH CHOWK KARGIL NAGAR VIRAR EAST', 'ROOM NO 304 JAY BHAVANI SANKUL GANESH CHOWK KARGIL NAGAR VIRAR EAST', 3, '', '2020-11-25 15:45:22', '0000-00-00', 1, '', 'jMcdPNB2R7', ''),
(120, 'SANDEEP..NAIK', 'SANDEEP', 'NAIK', '9604422470', '7507797563', 'A 403 SAKSHI PLAZA BLDG NO 1 MANVELPADA ROAD VIRAR EAST NEXT TO OMKAR PARK VIRAR EAST', 'A 403 SAKSHI PLAZA BLDG NO 1 MANVELPADA ROAD VIRAR EAST NEXT TO OMKAR PARK VIRAR EAST', 3, '', '2020-11-26 09:28:53', '1981-04-15', 1, '', 'Y83W2ZhODJ', ''),
(121, 'SANDEEP..NAIK', 'SANDEEP', 'NAIK', '9604422470', '7507797563', 'A 403 SAKSHI PLAZA BLDG NO 1 MANVELPADA ROAD VIRAR EAST NEXT TO OMKAR PARK VIRAR EAST', 'A 403 SAKSHI PLAZA BLDG NO 1 MANVELPADA ROAD VIRAR EAST NEXT TO OMKAR PARK VIRAR EAST', 3, '', '2020-11-26 09:29:02', '1981-04-15', 1, '', 'dumDZeXPvo', ''),
(122, 'SNEHAL..WANKHEDE', 'SNEHAL', 'WANKHEDE', '8976044450', '', 'FLAT NO  NO 303 BLDG 09 MOULI KRUPA APT BEHIND BRAMHA COMPLEX VIRAR EAST', 'SHOP NO 12 13 MAITRI POOJA APT BLDG NO 1 MANVELPADA ROAD VIRAR EAST OPP NIKHIL SALOON', 3, 'wankhedesnehal94@gmail.com', '2020-11-26 12:25:18', '1994-04-07', 1, '', 'KBw9j7A6UT', ''),
(123, 'Kiran..Kasrung', 'Kiran', 'Kasrung', '7276706424', '8208173614', 'ROOM NO 412 AAI EKVIRA APT KARGIL NAGAR VIRAR EAST NEAR NITIN POKLE ROOM\n\nRENTED', 'ROOM NO 412 AAI EKVIRA APT KARGIL NAGAR VIRAR EAST NEAR NITIN POKLE ROOM\n\nRENTED', 3, '', '2020-11-26 16:07:01', '1993-06-18', 1, '', 'czxF7hBj9D', ''),
(124, 'Kiran..Kasrung', 'Kiran', 'Kasrung', '7276706424', '8208173614', 'ROOM NO 412 AAI EKVIRA APT KARGIL NAGAR VIRAR EAST NEAR NITIN POKLE ROOM\n\nRENTED', 'ROOM NO 412 AAI EKVIRA APT KARGIL NAGAR VIRAR EAST NEAR NITIN POKLE ROOM\n\nRENTED', 3, '', '2020-11-26 16:11:39', '1993-06-18', 1, '', 'krKFG0NDUB', ''),
(125, 'RAJESH ..PATEL', 'RAJESH ', 'PATEL', '8108682744', '', '', '', 3, '', '2020-11-28 11:59:04', '0000-00-00', 1, '', 'NU1p6Oyt7w', ''),
(126, 'RAJESH ..PATEL', 'RAJESH ', 'PATEL', '8108682744', '', '', '', 3, '', '2020-11-28 12:04:07', '0000-00-00', 1, '', 'RyNGCQqfmp', ''),
(127, 'RAMAKANT..PRABHU', 'RAMAKANT', 'PRABHU', '8655425721', '', '', '', 3, '', '2020-11-28 14:06:38', '0000-00-00', 1, '', '30irq1Uelz', ''),
(128, 'SANDEEP..KAMBLE', 'SANDEEP', 'KAMBLE', '8692999761', '', '', '', 3, '', '2020-11-28 14:17:36', '0000-00-00', 1, '', 'AP48jGkWQm', ''),
(129, 'PARSHURAM..PUROHIT', 'PARSHURAM', 'PUROHIT', '7989684353', '', 'MUKESH JIJU', '', 3, '', '2020-11-28 14:38:13', '0000-00-00', 1, '', 'E1fGejQOm3', ''),
(130, 'ASMITA..VEER', 'ASMITA', 'VEER', '9545692522', '', '', '', 3, '', '2020-11-28 14:43:31', '0000-00-00', 1, '', 'pqBFraGmP4', ''),
(131, 'SUMIT..JADHAV', 'SUMIT', 'JADHAV', '8862028736', '', 'Buildings:\nJAY MATA DI CHAWL ROOM NO 01\nMANVEPADA ROAD\nVIRAR EAST VASAI PALGHAR\nLandmark:\nOPP DAMODAR NIWAS\n401305\nMaharashtra\n', 'Buildings:\nJAY MATA DI CHAWL ROOM NO 01\nMANVEPADA ROAD\nVIRAR EAST VASAI PALGHAR\nLandmark:\nOPP DAMODAR NIWAS\n401305\nMaharashtra\n', 3, 'sumitjadhav1994@gmail.com', '2020-11-28 15:33:37', '1994-04-15', 1, '', 'pKQlSVuiP6', ''),
(132, 'Nilesh..Bhuvad', 'Nilesh', 'Bhuvad', '9137858417', '', 'ROOM NO 1 KRUSHNA CHAWL COMITTI MANVELPADA ROAD YOUNGSTAR MITRA MANDAL VIRAR EAST', 'ROOM NO 1 KRUSHNA CHAWL COMITTI MANVELPADA ROAD YOUNGSTAR MITRA MANDAL VIRAR EAST', 3, 'bhuvadn334@gmail.com', '2020-11-28 16:16:09', '1994-05-22', 1, '', '05hR2NkelK', ''),
(133, 'SUMIT..GURAV', 'SUMIT', 'GURAV', '8767387874', '', 'ROOM NO 408 POOJA APT GANESH CHAWK KARIL NAGAR NEAR GANESH DAIRY NEAR DISHA RESTAURANT', 'ROOM NO 408 POOJA APT GANESH CHAWK KARIL NAGAR NEAR GANESH DAIRY NEAR DISHA RESTAURANT', 3, '', '2020-11-29 06:28:49', '1999-12-15', 1, '', '7SkHFpD9yR', ''),
(134, 'SUMIT..GURAV', 'SUMIT', 'GURAV', '8767387874', '', 'ROOM NO 408 POOJA APT GANESH CHAWK KARIL NAGAR NEAR GANESH DAIRY NEAR DISHA RESTAURANT', 'ROOM NO 408 POOJA APT GANESH CHAWK KARIL NAGAR NEAR GANESH DAIRY NEAR DISHA RESTAURANT', 3, '', '2020-11-29 06:28:49', '1999-12-15', 1, '', 'P9UQy6KcFk', ''),
(135, 'Pooja..MORE', 'Pooja', 'MORE', '7350274865', '', 'ROOM NO 20 DATTA SAI NIWAS MANVELPADA KOKAN NAGAR VIRAR EAST NEAR PRASAD VELYE HOME OR SAI BABA NAGAR', 'ROOM NO 20 DATTA SAI NIWAS MANVELPADA KOKAN NAGAR VIRAR EAST NEAR PRASAD VELYE HOME OR SAI BABA NAGAR', 3, '', '2020-11-29 15:07:06', '1996-07-23', 1, '', 'T9JilEGFWH', ''),
(136, 'MAMTA..RAUL', 'MAMTA', 'RAUL', '9768280832', '', '', '', 3, '', '2020-12-04 18:31:18', '0000-00-00', 1, '', 'VSpJfth19T', ''),
(137, 'PRATIK..PAWAR', 'PRATIK', 'PAWAR', '9922712830', '', 'R NO 416 LAXMI APT MANVEL PADA KARGIL NAGAR\nNEAR MAHAKALI MANDIR\n401305\nThane\n', 'R NO 416 LAXMI APT MANVEL PADA KARGIL NAGAR\nNEAR MAHAKALI MANDIR\n401305\nThane\n', 3, 'pratikpawar1998@gmail.com', '2020-12-04 18:37:08', '1998-03-05', 1, '', 'U5sYoFk8wX', ''),
(138, 'Ravindra..Mandavkar', 'Ravindra', 'Mandavkar', '9987027238', '', '223 VAJRESHWARI APT\nAddress Line 2: KARGIL NAGAR\nAddress Line 3: VIRAR EAST\nLandmark: NR NATIONAL SCHOOL State:MAHARASHTRA\nCity: PALGHAR Pin: 401305\nResidence Status: Owned\n', '223 VAJRESHWARI APT\nAddress Line 2: KARGIL NAGAR\nAddress Line 3: VIRAR EAST\nLandmark: NR NATIONAL SCHOOL State:MAHARASHTRA\nCity: PALGHAR Pin: 401305\nResidence Status: Owned\n', 3, '', '2020-12-04 18:58:45', '1985-11-03', 1, '', 'v3QwAerqhn', ''),
(139, 'NITIN..sawant', 'NITIN', 'sawant', '8286901130', '8329925146', 'ROYAL APT BLDG NO 7 ROOM NO 304 WAVTEWADI SHREE SWAMI SAMARTH NAGAR VIRAR EAST OPP ST PETERS SCHOOL NEAR SWAGAT SCHOOL', 'ROYAL APT BLDG NO 7 ROOM NO 304 WAVTEWADI SHREE SWAMI SAMARTH NAGAR VIRAR EAST OPP ST PETERS SCHOOL NEAR SWAGAT SCHOOL', 3, 'nitinsawant732@gmail.com', '2020-12-05 07:32:26', '1982-06-22', 1, '', 'QrUifTe7py', ''),
(140, 'PRANALI..MORE', 'PRANALI', 'MORE', '7303609183', '', '', '', 3, '', '2020-12-05 07:49:05', '0000-00-00', 1, '', 'gUv7jtI3WZ', ''),
(141, 'PRANALI..MORE', 'PRANALI', 'MORE', '7303609183', '', '', '', 3, '', '2020-12-05 07:49:05', '0000-00-00', 1, '', 'gJqvxeU6uX', ''),
(142, 'YOGESH..JOGALE', 'YOGESH', 'JOGALE', '8237243655', '', 'NO 205 JIVDANI APT,SHIV MANDIR MOREGAON,NALLASOPARA EAST,THANE,401209,PALGHAR,MAHARASHTRA\n', 'NO 205 JIVDANI APT,SHIV MANDIR MOREGAON,NALLASOPARA EAST,THANE,401209,PALGHAR,MAHARASHTRA\n', 3, 'yogeshjogle999@gmail.com', '2020-12-05 13:25:33', '1990-03-29', 1, '', 'bc6xyu7mnC', ''),
(143, 'RAJASHRI..BONDBILKAR', 'RAJASHRI', 'BONDBILKAR', '7276341213', '', 'ROOM NO 7 SHUBHAM APT NEAR JAHGANATH HOSPITAL VIRAR EAST 401305', 'ROOM NO 7 SHUBHAM APT NEAR JAHGANATH HOSPITAL VIRAR EAST 401305', 3, '', '2020-12-08 13:22:57', '1972-01-31', 1, '', 'vorQ8HL6pA', ''),
(144, 'PRANAYKUMAR..BOLE', 'PRANAYKUMAR', 'BOLE', '9833029241', '', '201 VEDANGI APT KARGIL NAGAR MANVELPADA ROAD NEAR SAGAR VENKET HOLE OPP NATINAL SCHOOL', '201 VEDANGI APT KARGIL NAGAR MANVELPADA ROAD NEAR SAGAR VENKET HOLE OPP NATINAL SCHOOL', 3, '', '2020-12-27 15:21:21', '0000-00-00', 1, '', 'xAJK9gCHbi', ''),
(145, 'SAMSON..DSILVA', 'SAMSON', 'DSILVA', '9920810605', '', '', '', 3, '', '2020-12-28 15:42:34', '0000-00-00', 1, '', 'WyM5A06OYK', ''),
(146, 'SHAILESH..GAWDE', 'SHAILESH', 'GAWDE', '8149987975', '', '', '', 3, '', '2020-12-28 15:48:13', '0000-00-00', 1, '', 'axwnQk9qWL', ''),
(147, 'SACHIN..PAWAR', 'SACHIN', 'PAWAR', '8446406534', '', '', '', 3, '', '2020-12-28 15:51:26', '0000-00-00', 1, '', 'tdSesIzOXJ', ''),
(148, 'SEETA..GAUD', 'SEETA', 'GAUD', '9156457814', '', ': Room No 2 Mauli Kreepa Chawl No 2 : Manvelpada Road Vasai Kargil Naga  Kalimata Temple palghar virar east', ': Room No 2 Mauli Kreepa Chawl No 2 : Manvelpada Road Vasai Kargil Naga  Kalimata Temple palghar virar east', 3, '', '2020-12-28 15:57:33', '1996-06-13', 1, '', 'zLuRNJ6wMk', ''),
(149, 'SANDEEP..CHAVAN', 'SANDEEP', 'CHAVAN', '9892040104', '', '401 SANT TUKARAM MANVEL PADA ROAD VIRAR EAST SANT NAGAR VIRAR EAST', '401 SANT TUKARAM MANVEL PADA ROAD VIRAR EAST SANT NAGAR VIRAR EAST', 3, 'SANDEEPCH121@YAHOO.COM', '2020-12-28 16:12:24', '0000-00-00', 1, '', 'AmHKohyR93', ''),
(150, 'ANIL..SAWANT', 'ANIL', 'SAWANT', '8898448053', '', 'ROOM NO 108 SHIV SHAMBHO APARTMENT SAHYADRI NAGAR KARGIL NAGAR ROAD VIRAR EAST VASAI VIRAR EAST VASAI PALGHA NEAR KOKAN NAGAR', 'ROOM NO 108 SHIV SHAMBHO APARTMENT SAHYADRI NAGAR KARGIL NAGAR ROAD VIRAR EAST VASAI VIRAR EAST VASAI PALGHA NEAR KOKAN NAGAR', 3, 'anilsawant1980@gmail.com', '2020-12-28 16:27:39', '1980-01-02', 1, '', 'Othsz1NUP8', ''),
(151, 'Sanchit..sawardekar', 'Sanchit', 'sawardekar', '9213120379', '2394692734', 'virar west', 'virar west', 3, 'sanchit223@gmail.com', '2021-01-13 07:21:40', '1990-03-01', 3, '', '31UxPSQKFG', '');

--
-- Indexes for dumped tables
--

--
-- Indexes for table `brand`
--
ALTER TABLE `brand`
  ADD PRIMARY KEY (`id`);

--
-- Indexes for table `ci_sessions`
--
ALTER TABLE `ci_sessions`
  ADD PRIMARY KEY (`id`),
  ADD KEY `ci_sessions_timestamp` (`timestamp`);

--
-- Indexes for table `color`
--
ALTER TABLE `color`
  ADD PRIMARY KEY (`id`);

--
-- Indexes for table `contacts`
--
ALTER TABLE `contacts`
  ADD PRIMARY KEY (`id`);

--
-- Indexes for table `idproof`
--
ALTER TABLE `idproof`
  ADD PRIMARY KEY (`id`);

--
-- Indexes for table `idproof_images`
--
ALTER TABLE `idproof_images`
  ADD PRIMARY KEY (`id`);

--
-- Indexes for table `ids`
--
ALTER TABLE `ids`
  ADD PRIMARY KEY (`id`);

--
-- Indexes for table `model`
--
ALTER TABLE `model`
  ADD PRIMARY KEY (`id`);

--
-- Indexes for table `sale`
--
ALTER TABLE `sale`
  ADD PRIMARY KEY (`id`);

--
-- Indexes for table `stock`
--
ALTER TABLE `stock`
  ADD PRIMARY KEY (`id`);

--
-- Indexes for table `user`
--
ALTER TABLE `user`
  ADD PRIMARY KEY (`id`);

--
-- AUTO_INCREMENT for dumped tables
--

--
-- AUTO_INCREMENT for table `brand`
--
ALTER TABLE `brand`
  MODIFY `id` int(11) NOT NULL AUTO_INCREMENT, AUTO_INCREMENT=20;

--
-- AUTO_INCREMENT for table `color`
--
ALTER TABLE `color`
  MODIFY `id` int(11) NOT NULL AUTO_INCREMENT, AUTO_INCREMENT=4;

--
-- AUTO_INCREMENT for table `contacts`
--
ALTER TABLE `contacts`
  MODIFY `id` int(11) NOT NULL AUTO_INCREMENT, AUTO_INCREMENT=131;

--
-- AUTO_INCREMENT for table `idproof`
--
ALTER TABLE `idproof`
  MODIFY `id` int(11) NOT NULL AUTO_INCREMENT, AUTO_INCREMENT=16;

--
-- AUTO_INCREMENT for table `idproof_images`
--
ALTER TABLE `idproof_images`
  MODIFY `id` int(11) NOT NULL AUTO_INCREMENT, AUTO_INCREMENT=23;

--
-- AUTO_INCREMENT for table `ids`
--
ALTER TABLE `ids`
  MODIFY `id` int(11) NOT NULL AUTO_INCREMENT, AUTO_INCREMENT=5;

--
-- AUTO_INCREMENT for table `model`
--
ALTER TABLE `model`
  MODIFY `id` int(11) NOT NULL AUTO_INCREMENT, AUTO_INCREMENT=77;

--
-- AUTO_INCREMENT for table `sale`
--
ALTER TABLE `sale`
  MODIFY `id` int(11) NOT NULL AUTO_INCREMENT, AUTO_INCREMENT=133;

--
-- AUTO_INCREMENT for table `stock`
--
ALTER TABLE `stock`
  MODIFY `id` int(11) NOT NULL AUTO_INCREMENT, AUTO_INCREMENT=219;

--
-- AUTO_INCREMENT for table `user`
--
ALTER TABLE `user`
  MODIFY `id` int(11) NOT NULL AUTO_INCREMENT, AUTO_INCREMENT=152;
COMMIT;

/*!40101 SET CHARACTER_SET_CLIENT=@OLD_CHARACTER_SET_CLIENT */;
/*!40101 SET CHARACTER_SET_RESULTS=@OLD_CHARACTER_SET_RESULTS */;
/*!40101 SET COLLATION_CONNECTION=@OLD_COLLATION_CONNECTION */;
